RelativeTimeMilliseconds,ECG,ART,ART (Sys),ART (Dia),PPG
1200000,-0.15500,94.2500,122,60,0.72576
1200010,-0.15500,93.6875,122,60,0.72259
1200020,-0.15000,92.5000,122,60,0.71136
1200030,-0.13000,91.9375,122,60,0.70256
1200040,0.10000,91.3750,122,60,0.69158
1200050,0.61000,90.7500,122,60,0.67814
1200060,1.00000,89.3750,122,60,0.64615
1200070,0.72000,88.6875,122,60,0.63077
1200080,0.02000,87.9375,122,60,0.61636
1200090,-0.39500,87.1875,122,60,0.60122
1200100,-0.43500,85.7500,122,60,0.57289
1200110,-0.31000,85.0625,122,60,0.56093
1200120,-0.21500,84.3750,122,60,0.55043
1200130,-0.19500,83.8125,122,60,0.54115
1200140,-0.19000,82.6250,122,60,0.52527
1200150,-0.18000,82.0625,122,60,0.51819
1200160,-0.17000,81.4375,122,60,0.51136
1200170,-0.16000,80.8750,122,60,0.50452
1200180,-0.15500,80.0625,122,60,0.49328
1200190,-0.14000,79.8125,122,60,0.48718
1200200,-0.13000,79.6875,122,60,0.48059
1200210,-0.12000,79.7500,122,60,0.47399
1200220,-0.10500,80.7500,122,60,0.46032
1200230,-0.08500,82.5625,122,60,0.45348
1200240,-0.05500,86.0000,122,60,0.44664
1200250,-0.02000,91.2500,122,60,0.43980
1200260,0.01500,105.8750,122,60,0.42686
1200270,0.06000,114.0625,122,60,0.42173
1200280,0.10000,122.0625,122,60,0.41709
1200290,0.14500,129.5625,122,60,0.41197
1200300,0.18000,142.1250,122,60,0.40073
1200310,0.20500,146.9375,122,60,0.39487
1200320,0.22000,150.8750,122,60,0.38926
1200330,0.22500,153.8125,122,60,0.38339
1200340,0.22000,157.4375,122,60,0.37143
1200350,0.21500,158.2500,122,60,0.36532
1200360,0.19500,158.6250,122,60,0.35922
1200370,0.16500,158.6250,122,60,0.35336
1200380,0.11000,157.8750,122,60,0.34505
1200390,0.05000,157.3750,122,60,0.34042
1200400,-0.01500,156.7500,122,60,0.33553
1200410,-0.06500,156.1875,122,60,0.33040
1200420,-0.10500,155.0000,122,60,0.31990
1200430,-0.13000,154.3750,122,60,0.31477
1200440,-0.14500,153.7500,122,60,0.31013
1200450,-0.14500,153.1250,122,60,0.30549
1200460,-0.14500,151.5000,122,60,0.29646
1200470,-0.14500,150.4375,122,60,0.29377
1200480,-0.14500,149.1875,122,60,0.29255
1200490,-0.14000,147.5625,122,60,0.29231
1200500,-0.13500,142.6875,122,60,0.30232
1200510,-0.13000,139.1875,122,60,0.31648
1200520,-0.12500,135.0000,122,60,0.33846
1200530,-0.12500,130.2500,122,60,0.36825
1200540,-0.12500,120.9375,122,60,0.44493
1200550,-0.11500,117.1875,122,60,0.48694
1200560,-0.11500,114.3125,122,60,0.52772
1200570,-0.10500,112.2500,122,60,0.56532
1200580,-0.09000,109.5625,122,60,0.61807
1200590,-0.06500,108.7500,122,60,0.63956
1200600,-0.04000,108.0625,122,60,0.65788
1200610,0.00000,107.5000,122,60,0.67302
1200620,0.04500,106.5000,122,60,0.69426
1200630,0.07500,106.0625,122,60,0.70159
1200640,0.07500,105.5000,122,60,0.70745
1200650,0.03500,104.9375,122,60,0.71209
1200660,-0.02500,103.5000,122,60,0.71844
1200670,-0.07500,102.6875,122,60,0.71966
1200680,-0.11500,101.8125,122,60,0.72015
1200690,-0.13500,100.9375,122,60,0.72088
1200700,-0.14000,99.2500,122,60,0.72210
1200710,-0.14500,98.5000,122,60,0.72210
1200720,-0.14500,97.7500,122,60,0.72186
1200730,-0.14500,97.0625,122,60,0.72112
1200740,-0.13500,95.8750,122,60,0.71722
1200750,-0.13000,95.3125,122,60,0.71355
1200760,-0.13500,94.8125,122,60,0.70818
1200770,-0.03500,94.2500,122,60,0.70061
1200780,0.35000,93.1250,122,60,0.68132
1200790,0.90500,92.5000,122,60,0.66838
1200800,0.95000,91.8750,122,60,0.65324
1200810,0.34500,91.1250,122,60,0.63687
1200820,-0.24500,89.6250,122,60,0.60415
1200830,-0.46000,88.8750,122,60,0.58901
1200840,-0.38500,88.1875,122,60,0.57534
1200850,-0.26000,87.5000,122,60,0.56313
1200860,-0.22000,86.1875,122,60,0.54359
1200870,-0.21500,85.5000,122,60,0.53626
1200880,-0.21000,84.8125,122,60,0.53016
1200890,-0.20000,84.1875,122,60,0.52381
1200900,-0.19000,83.0625,122,60,0.51111
1200910,-0.18000,82.5625,122,60,0.50427
1200920,-0.16500,82.1250,122,60,0.49744
1200930,-0.15500,81.8750,122,60,0.49011
1200940,-0.15000,81.6875,122,60,0.47546
1200950,-0.14000,81.9375,122,60,0.46813
1200960,-0.12000,82.7500,122,60,0.46105
1200970,-0.09000,84.6875,122,60,0.45421
1200980,-0.05500,93.9375,122,60,0.44322
1200990,-0.00500,101.0625,122,60,0.43736
1201000,0.05000,109.0625,124,61,0.43150
1201010,0.10000,117.3125,124,61,0.42564
1201020,0.15500,133.1250,124,61,0.41392
1201030,0.18500,139.8750,124,61,0.40806
1201040,0.22500,145.6875,124,61,0.40244
1201050,0.25500,150.5000,124,61,0.39683
1201060,0.27000,157.1250,124,61,0.38559
1201070,0.28000,159.0625,124,61,0.38120
1201080,0.27500,160.1875,124,61,0.37753
1201090,0.26500,160.7500,124,61,0.37289
1201100,0.23000,160.7500,124,61,0.36239
1201110,0.18000,160.3125,124,61,0.35653
1201120,0.10500,159.8750,124,61,0.35067
1201130,0.03000,159.3125,124,61,0.34481
1201140,-0.03500,158.2500,124,61,0.33309
1201150,-0.07500,157.6875,124,61,0.32747
1201160,-0.10000,157.1250,124,61,0.32210
1201170,-0.11500,156.5625,124,61,0.31844
1201180,-0.11500,155.3125,124,61,0.31160
1201190,-0.11500,154.5625,124,61,0.30720
1201200,-0.11500,153.7500,124,61,0.30281
1201210,-0.11000,152.6875,124,61,0.29890
1201220,-0.10500,149.6875,124,61,0.29548
1201230,-0.10500,147.4375,124,61,0.29890
1201240,-0.10000,144.3750,124,61,0.30794
1201250,-0.10000,140.5625,124,61,0.32430
1201260,-0.10000,131.0625,124,61,0.37973
1201270,-0.09500,126.0625,124,61,0.41148
1201280,-0.09000,121.6250,124,61,0.44420
1201290,-0.08500,118.0625,124,61,0.48205
1201300,-0.08500,113.3750,124,61,0.55727
1201310,-0.07500,111.9375,124,61,0.58950
1201320,-0.05500,110.8750,124,61,0.61685
1201330,-0.03000,110.0625,124,61,0.63907
1201340,0.01000,108.9375,124,61,0.67057
1201350,0.06000,108.5000,124,61,0.68132
1201360,0.09500,108.0625,124,61,0.68987
1201370,0.10000,107.5000,124,61,0.69524
1201380,0.06500,106.3125,124,61,0.70256
1201390,0.01000,105.6250,124,61,0.70598
1201400,-0.04500,104.8125,124,61,0.70916
1201410,-0.09000,104.0000,124,61,0.71184
1201420,-0.11500,102.1875,124,61,0.71600
1201430,-0.12500,101.3750,124,61,0.71746
1201440,-0.13500,100.5000,124,61,0.71868
1201450,-0.13500,99.7500,124,61,0.71941
1201460,-0.13500,98.3750,124,61,0.71966
1201470,-0.12500,97.6875,124,61,0.71795
1201480,-0.12500,97.0625,124,61,0.71526
1201490,-0.11500,96.3750,124,61,0.71160
1201500,0.00000,95.1250,124,61,0.69890
1201510,0.39000,94.5000,124,61,0.68938
1201520,0.95000,93.7500,124,61,0.67741
1201530,1.00000,93.0625,124,61,0.66325
1201540,0.34500,91.5625,124,61,0.63053
1201550,-0.24000,90.7500,124,61,0.61392
1201560,-0.41500,89.9375,124,61,0.59805
1201570,-0.33500,88.5000,124,61,0.58462
1201580,-0.21500,87.8125,124,61,0.56264
1201590,-0.17500,87.1250,124,61,0.55287
1201600,-0.17000,86.5000,124,61,0.54432
1201610,-0.16000,85.8750,124,61,0.53651
1201620,-0.15500,84.6250,124,61,0.52234
1201630,-0.14500,84.1250,124,61,0.51575
1201640,-0.13500,83.6250,124,61,0.50916
1201650,-0.11500,83.1875,124,61,0.49963
1201660,-0.09500,82.7500,124,61,0.47888
1201670,-0.08500,82.7500,124,61,0.47131
1201680,-0.06500,82.9375,124,61,0.46447
1201690,-0.05000,83.7500,124,61,0.45714
1201700,-0.03000,89.1250,124,61,0.44200
1201710,0.00000,94.5000,124,61,0.43443
1201720,0.04000,101.5000,124,61,0.42686
1201730,0.08000,109.4375,124,61,0.41954
1201740,0.12000,126.0625,124,61,0.40562
1201750,0.16500,133.8125,124,61,0.39878
1201760,0.20500,140.8125,124,61,0.39219
1201770,0.23500,146.8750,124,61,0.38681
1201780,0.26000,156.0000,124,61,0.37631
1201790,0.27500,159.0625,124,61,0.36996
1201800,0.27500,161.1875,124,61,0.36337
1201810,0.27500,162.5625,124,61,0.35678
1201820,0.25500,163.5000,124,61,0.34359
1201830,0.22500,163.4375,124,61,0.33700
1201840,0.17000,163.1250,124,61,0.33040
1201850,0.10500,162.6875,124,61,0.32381
1201860,0.03500,161.6250,124,61,0.31062
1201870,-0.02000,161.0625,124,61,0.30574
1201880,-0.05500,160.4375,124,61,0.30183
1201890,-0.08500,159.8750,124,61,0.29695
1201900,-0.10000,158.8125,124,61,0.28645
1201910,-0.10000,158.1875,124,61,0.28132
1201920,-0.10500,157.5000,124,61,0.27619
1201930,-0.10500,156.6875,124,61,0.27131
1201940,-0.10500,154.3750,124,61,0.26374
1201950,-0.11000,152.6250,124,61,0.26300
1201960,-0.11000,150.2500,124,61,0.26667
1201970,-0.10500,147.1250,124,61,0.27473
1201980,-0.10500,138.4375,124,61,0.30989
1201990,-0.10500,133.1250,124,61,0.34017
1202000,-0.10500,127.6875,126,62,0.37802
1202010,-0.10500,122.7500,126,62,0.42076
1202020,-0.10500,115.8750,126,62,0.51013
1202030,-0.10000,113.8125,126,62,0.55140
1202040,-0.08500,112.4375,126,62,0.58755
1202050,-0.06500,111.5000,126,62,0.61832
1202060,-0.04500,110.4375,126,62,0.66374
1202070,0.00000,110.0625,126,62,0.67790
1202080,0.04000,109.7500,126,62,0.68816
1202090,0.05000,109.3125,126,62,0.69768
1202100,0.03000,108.2500,126,62,0.71306
1202110,0.02000,107.6250,126,62,0.71917
1202120,0.01000,106.8750,126,62,0.72454
1202130,-0.03500,106.1250,126,62,0.72918
1202140,-0.10000,104.3750,126,62,0.73626
1202150,-0.17000,103.5625,126,62,0.73895
1202160,-0.22000,102.7500,126,62,0.74139
1202170,-0.25500,101.9375,126,62,0.74237
1202180,-0.28000,100.4375,126,62,0.74310
1202190,-0.27500,99.7500,126,62,0.74335
1202200,-0.24500,99.1875,126,62,0.74310
1202210,-0.18500,98.5625,126,62,0.74188
1202220,-0.03500,97.4375,126,62,0.73382
1202230,0.34000,96.8125,126,62,0.72601
1202240,0.93500,96.1250,126,62,0.71526
1202250,1.14500,95.3125,126,62,0.70159
1202260,0.56500,93.6875,126,62,0.66716
1202270,-0.14500,92.8125,126,62,0.64982
1202280,-0.41500,92.0000,126,62,0.63321
1202290,-0.37500,91.1875,126,62,0.61563
1202300,-0.22000,89.6875,126,62,0.58315
1202310,-0.10500,89.0000,126,62,0.56972
1202320,-0.09000,88.3750,126,62,0.55824
1202330,-0.12000,87.7500,126,62,0.54823
1202340,-0.13500,86.5000,126,62,0.53138
1202350,-0.13500,85.9375,126,62,0.52381
1202360,-0.14500,85.3750,126,62,0.51624
1202370,-0.18000,84.9375,126,62,0.50965
1202380,-0.22000,84.4375,126,62,0.49621
1202390,-0.25500,84.3750,126,62,0.48864
1202400,-0.29000,84.5000,126,62,0.48083
1202410,-0.30500,85.0625,126,62,0.47277
1202420,-0.30000,89.5625,126,62,0.45641
1202430,-0.26500,94.3750,126,62,0.44860
1202440,-0.21500,101.0000,126,62,0.44078
1202450,-0.21000,108.7500,126,62,0.43321
1202460,-0.25000,125.6250,126,62,0.41880
1202470,-0.26000,133.7500,126,62,0.41319
1202480,-0.24000,141.1250,126,62,0.40806
1202490,-0.25500,147.5625,126,62,0.40220
1202500,-0.29500,157.2500,126,62,0.38950
1202510,-0.34000,160.5625,126,62,0.38291
1202520,-0.43500,162.8750,126,62,0.37607
1202530,-0.49000,164.3750,126,62,0.36899
1202540,-0.52000,165.4375,126,62,0.35458
1202550,-0.51500,165.3750,126,62,0.34725
1202560,-0.45500,165.1250,126,62,0.34017
1202570,-0.33500,164.7500,126,62,0.33480
1202580,-0.18000,163.7500,126,62,0.32454
1202590,-0.05500,163.3125,126,62,0.31844
1202600,-0.07500,162.8750,126,62,0.31233
1202610,-0.25000,162.5625,126,62,0.30623
1202620,-0.56000,161.8750,126,62,0.29524
1202630,-0.85000,161.4375,126,62,0.28987
1202640,-0.98500,160.9375,126,62,0.28449
1202650,-0.98500,160.2500,126,62,0.27912
1202660,-0.89500,158.0625,126,62,0.27057
1202670,-0.74000,156.3125,126,62,0.26935
1202680,-0.55000,154.0000,126,62,0.27131
1202690,-0.34500,151.0000,126,62,0.27717
1202700,-0.12500,142.4375,126,62,0.30891
1202710,0.10000,137.1875,126,62,0.33724
1202720,0.29000,131.8750,126,62,0.37289
1202730,0.45500,126.9375,126,62,0.41416
1202740,0.59500,119.7500,126,62,0.50232
1202750,0.70000,117.4375,126,62,0.54359
1202760,0.75000,115.7500,126,62,0.58046
1202770,0.75000,114.5625,126,62,0.60904
1202780,0.73000,113.0000,126,62,0.65153
1202790,0.67000,112.5000,126,62,0.66935
1202800,0.54500,112.0000,126,62,0.68425
1202810,0.44000,111.5000,126,62,0.69670
1202820,0.39000,110.3125,126,62,0.71624
1202830,0.33500,109.6250,126,62,0.72405
1202840,0.29000,108.9375,126,62,0.73114
1202850,0.28500,108.1250,126,62,0.73748
1202860,0.30000,106.3750,126,62,0.74872
1202870,0.31500,105.5000,126,62,0.75214
1202880,0.32500,104.6250,126,62,0.75458
1202890,0.34000,103.8125,126,62,0.75775
1202900,0.33000,102.3125,126,62,0.76435
1202910,0.29500,101.6250,126,62,0.76703
1202920,0.24500,100.9375,126,62,0.76874
1202930,0.21500,100.2500,126,62,0.76923
1202940,0.34000,98.8750,126,62,0.76410
1202950,0.76000,98.1875,126,62,0.75751
1202960,1.26000,97.5000,126,62,0.74799
1202970,1.16500,96.7500,126,62,0.73675
1202980,0.39500,95.2500,126,62,0.70794
1202990,-0.29000,94.4375,126,62,0.69011
1203000,-0.60500,93.6875,131,64,0.67155
1203010,-0.68000,92.9375,131,64,0.65324
1203020,-0.65500,91.5000,131,64,0.61978
1203030,-0.57000,90.8125,131,64,0.60562
1203040,-0.31500,90.0625,131,64,0.59316
1203050,0.08000,89.3750,131,64,0.58193
1203060,0.47500,88.0625,131,64,0.56337
1203070,0.76500,87.4375,131,64,0.55556
1203080,0.89500,86.8750,131,64,0.54750
1203090,0.92500,86.4375,131,64,0.53919
1203100,0.92000,85.9375,131,64,0.52186
1203110,0.95000,85.8750,131,64,0.51306
1203120,0.99000,86.1875,131,64,0.50427
1203130,1.01000,87.0625,131,64,0.49524
1203140,0.96000,93.1250,131,64,0.47741
1203150,0.86500,99.0000,131,64,0.46862
1203160,0.74500,106.3750,131,64,0.45958
1203170,0.61000,123.3125,131,64,0.44518
1203180,0.53500,131.7500,131,64,0.43761
1203190,0.45500,139.6250,131,64,0.42979
1203200,0.40500,146.6250,131,64,0.42222
1203210,0.37000,152.5000,131,64,0.41465
1203220,0.34000,160.9375,131,64,0.39976
1203230,0.32000,163.6250,131,64,0.39219
1203240,0.30000,165.4375,131,64,0.38462
1203250,0.27500,166.5625,131,64,0.37705
1203260,0.23500,167.1875,131,64,0.36337
1203270,0.17000,167.0625,131,64,0.35800
1203280,0.08500,166.7500,131,64,0.35165
1203290,-0.01500,166.3750,131,64,0.34481
1203300,-0.11500,165.5000,131,64,0.33065
1203310,-0.19000,165.0625,131,64,0.32381
1203320,-0.25000,164.6875,131,64,0.31697
1203330,-0.29000,164.3750,131,64,0.31038
1203340,-0.30500,163.6875,131,64,0.29744
1203350,-0.31500,163.2500,131,64,0.29133
1203360,-0.31500,162.6250,131,64,0.28523
1203370,-0.31500,161.8125,131,64,0.28107
1203380,-0.32000,159.1250,131,64,0.27473
1203390,-0.32500,157.0000,131,64,0.27302
1203400,-0.32500,154.1875,131,64,0.27497
1203410,-0.32000,150.5625,131,64,0.28278
1203420,-0.32500,141.0000,131,64,0.32161
1203430,-0.32000,135.6250,131,64,0.35336
1203440,-0.31500,130.5000,131,64,0.39170
1203450,-0.30500,126.1250,131,64,0.43419
1203460,-0.29500,120.0625,131,64,0.52259
1203470,-0.26500,118.1875,131,64,0.55116
1203480,-0.21500,116.8125,131,64,0.58169
1203490,-0.16500,115.8125,131,64,0.61026
1203500,-0.13000,114.4375,131,64,0.65690
1203510,-0.09500,113.8750,131,64,0.67521
1203520,-0.07500,113.3125,131,64,0.69060
1203530,-0.10000,112.6875,131,64,0.70379
1203540,-0.14500,111.3125,131,64,0.72601
1203550,-0.18500,110.5000,131,64,0.73529
1203560,-0.23000,109.6250,131,64,0.74383
1203570,-0.26000,108.6875,131,64,0.74994
1203580,-0.29000,106.8750,131,64,0.76068
1203590,-0.30000,105.9375,131,64,0.76679
1203600,-0.30500,105.0625,131,64,0.77289
1203610,-0.30500,104.1875,131,64,0.77851
1203620,-0.30000,102.6875,131,64,0.78852
1203630,-0.29500,102.0000,131,64,0.79219
1203640,-0.29000,101.3125,131,64,0.79463
1203650,-0.28500,100.6250,131,64,0.79512
1203660,-0.17000,99.1250,131,64,0.78901
1203670,0.21500,98.3125,131,64,0.78217
1203680,0.78500,97.5625,131,64,0.77265
1203690,0.86000,96.7500,131,64,0.76020
1203700,0.23000,95.1875,131,64,0.70208
1203710,-0.37000,94.4375,131,64,0.67692
1203720,-0.56500,93.7500,131,64,0.65568
1203730,-0.48500,93.0000,131,64,0.63712
1203740,-0.36000,91.5625,131,64,0.60611
1203750,-0.31500,90.9375,131,64,0.59316
1203760,-0.30500,90.3125,131,64,0.58169
1203770,-0.29000,89.6250,131,64,0.57216
1203780,-0.26500,88.3750,131,64,0.55482
1203790,-0.25000,87.8125,131,64,0.54579
1203800,-0.24000,87.3125,131,64,0.53675
1203810,-0.22000,86.9375,131,64,0.52747
1203820,-0.21000,86.4375,131,64,0.50842
1203830,-0.19500,86.5000,131,64,0.49866
1203840,-0.18000,86.7500,131,64,0.48889
1203850,-0.16000,87.6250,131,64,0.47912
1203860,-0.13000,93.5000,131,64,0.46154
1203870,-0.09500,99.2500,131,64,0.45397
1203880,-0.06000,106.6875,131,64,0.44567
1203890,-0.01500,115.0000,131,64,0.43712
1203900,0.03500,132.2500,131,64,0.42002
1203910,0.08500,140.2500,131,64,0.41148
1203920,0.13000,147.3750,131,64,0.40293
1203930,0.16500,153.4375,131,64,0.39438
1203940,0.19500,162.1250,131,64,0.37729
1203950,0.21500,164.8750,131,64,0.36899
1203960,0.22000,166.6875,131,64,0.36068
1203970,0.21500,168.2500,131,64,0.35385
1203980,0.19500,168.3750,131,64,0.34115
1203990,0.16500,168.1250,131,64,0.33382
1204000,0.12000,167.8125,134,66,0.32650
1204010,0.04000,167.4375,134,66,0.31941
1204020,-0.03000,166.6250,134,66,0.30476
1204030,-0.10000,166.3125,134,66,0.29768
1204040,-0.14500,166.0000,134,66,0.29084
1204050,-0.18000,165.7500,134,66,0.28400
1204060,-0.19500,165.3125,134,66,0.27253
1204070,-0.20500,164.9375,134,66,0.26886
1204080,-0.20500,164.4375,134,66,0.26398
1204090,-0.20000,163.6875,134,66,0.25836
1204100,-0.19500,161.0625,134,66,0.24835
1204110,-0.19000,158.8750,134,66,0.24591
1204120,-0.19000,156.0000,134,66,0.24737
1204130,-0.19500,152.3125,134,66,0.25446
1204140,-0.19500,142.6875,134,66,0.29084
1204150,-0.20000,137.1875,134,66,0.32063
1204160,-0.19500,131.9375,134,66,0.35653
1204170,-0.19000,127.3750,134,66,0.39096
1204180,-0.17000,121.0625,134,66,0.46129
1204190,-0.13500,119.1250,134,66,0.49768
1204200,-0.09500,117.7500,134,66,0.53138
1204210,-0.05500,116.7500,134,66,0.56117
1204220,-0.01500,115.3750,134,66,0.60879
1204230,-0.00500,114.7500,134,66,0.62735
1204240,-0.03500,114.1875,134,66,0.64347
1204250,-0.08000,113.5625,134,66,0.65739
1204260,-0.11500,112.1250,134,66,0.67912
1204270,-0.15500,111.3125,134,66,0.68645
1204280,-0.19000,110.4375,134,66,0.69475
1204290,-0.21500,109.4375,134,66,0.70354
1204300,-0.23000,107.5000,134,66,0.72088
1204310,-0.23000,106.6250,134,66,0.72894
1204320,-0.23000,105.7500,134,66,0.73675
1204330,-0.23000,105.0000,134,66,0.74408
1204340,-0.22000,103.5000,134,66,0.75678
1204350,-0.21000,102.7500,134,66,0.76142
1204360,-0.20000,102.0000,134,66,0.76459
1204370,-0.06000,101.2500,134,66,0.76532
1204380,0.36000,99.8125,134,66,0.76020
1204390,0.89000,99.0625,134,66,0.75458
1204400,0.86500,98.3125,134,66,0.74628
1204410,0.17500,97.5000,134,66,0.73504
1204420,-0.37500,95.9375,134,66,0.70476
1204430,-0.51000,95.1875,134,66,0.68742
1204440,-0.40000,94.3750,134,66,0.66960
1204450,-0.28000,93.5625,134,66,0.65201
1204460,-0.24000,91.9375,134,66,0.62076
1204470,-0.23500,91.1875,134,66,0.60806
1204480,-0.22000,90.4375,134,66,0.59267
1204490,-0.21500,89.7500,134,66,0.57949
1204500,-0.21000,88.5000,134,66,0.56020
1204510,-0.21000,88.0625,134,66,0.54969
1204520,-0.19500,87.7500,134,66,0.53919
1204530,-0.18000,87.5625,134,66,0.52845
1204540,-0.16000,87.6250,134,66,0.50598
1204550,-0.14500,88.2500,134,66,0.49475
1204560,-0.11500,89.8750,134,66,0.48352
1204570,-0.07500,93.1250,134,66,0.47375
1204580,-0.04500,105.2500,134,66,0.45470
1204590,-0.00500,113.3750,134,66,0.44444
1204600,0.04000,122.0625,134,66,0.43419
1204610,0.08000,130.7500,134,66,0.42418
1204620,0.12500,146.3750,134,66,0.40488
1204630,0.16000,152.7500,134,66,0.39560
1204640,0.19500,157.9375,134,66,0.38657
1204650,0.22500,161.9375,134,66,0.37778
1204660,0.23500,166.8125,134,66,0.36190
1204670,0.24500,167.9375,134,66,0.35556
1204680,0.24500,168.5000,134,66,0.34823
1204690,0.22500,168.6250,134,66,0.34017
1204700,0.19500,168.2500,134,66,0.32357
1204710,0.13000,167.8750,134,66,0.31526
1204720,0.05000,167.5000,134,66,0.30720
1204730,-0.02500,167.1875,134,66,0.29915
1204740,-0.08500,166.6250,134,66,0.28400
1204750,-0.12500,166.4375,134,66,0.27668
1204760,-0.14500,166.1875,134,66,0.26960
1204770,-0.15500,165.8750,134,66,0.26447
1204780,-0.16000,165.0625,134,66,0.25470
1204790,-0.16000,164.3125,134,66,0.24884
1204800,-0.16000,163.2500,134,66,0.24274
1204810,-0.16000,161.7500,134,66,0.23761
1204820,-0.16000,156.8125,134,66,0.23394
1204830,-0.16000,153.1875,134,66,0.23858
1204840,-0.16000,148.8125,134,66,0.25006
1204850,-0.16000,143.6250,134,66,0.26935
1204860,-0.16000,132.6250,134,66,0.32503
1204870,-0.16000,127.8750,134,66,0.35580
1204880,-0.14500,124.0625,134,66,0.39267
1204890,-0.10500,121.3125,134,66,0.43175
1204900,-0.06000,117.9375,134,66,0.50525
1204910,-0.02500,116.9375,134,66,0.53675
1204920,0.01500,116.1875,134,66,0.56410
1204930,0.04000,115.5625,134,66,0.58755
1204940,0.02000,114.5000,134,66,0.62491
1204950,-0.01500,113.8750,134,66,0.64029
1204960,-0.05500,113.1875,134,66,0.65201
1204970,-0.09500,112.4375,134,66,0.66154
1204980,-0.12500,110.6875,134,66,0.68230
1204990,-0.15500,109.6875,134,66,0.69255
1205000,-0.16000,108.7500,137,68,0.70232
1205010,-0.16500,107.7500,137,68,0.71184
1205020,-0.16500,106.0000,137,68,0.72943
1205030,-0.16000,105.1250,137,68,0.73724
1205040,-0.15500,104.3125,137,68,0.74432
1205050,-0.15000,103.4375,137,68,0.75067
1205060,-0.14500,101.8125,137,68,0.75824
1205070,-0.06000,101.0000,137,68,0.75824
1205080,0.29000,100.1875,137,68,0.75751
1205090,0.86500,99.3125,137,68,0.75458
1205100,1.01500,97.6875,137,68,0.73968
1205110,0.41000,96.8750,137,68,0.72747
1205120,-0.23000,96.0625,137,68,0.71209
1205130,-0.46000,95.3125,137,68,0.69426
1205140,-0.40000,93.7500,137,68,0.65519
1205150,-0.27500,93.0000,137,68,0.63565
1205160,-0.23000,92.2500,137,68,0.61856
1205170,-0.23000,91.5625,137,68,0.60317
1205180,-0.22000,90.1875,137,68,0.57314
1205190,-0.21000,89.4375,137,68,0.55922
1205200,-0.20000,88.8125,137,68,0.54628
1205210,-0.19500,87.7500,137,68,0.53407
1205220,-0.19000,87.4375,137,68,0.51062
1205230,-0.18000,87.2500,137,68,0.49915
1205240,-0.16000,87.2500,137,68,0.48742
1205250,-0.14500,87.5000,137,68,0.47595
1205260,-0.11500,90.6875,137,68,0.45446
1205270,-0.09000,94.6250,137,68,0.44542
1205280,-0.06000,100.5000,137,68,0.43516
1205290,-0.02500,107.9375,137,68,0.42466
1205300,0.02000,125.1875,137,68,0.40391
1205310,0.07000,133.8750,137,68,0.39365
1205320,0.12000,141.9375,137,68,0.38364
1205330,0.16000,149.0625,137,68,0.37387
1205340,0.19500,159.7500,137,68,0.35507
1205350,0.21500,163.3750,137,68,0.34579
1205360,0.23500,165.9375,137,68,0.33846
1205370,0.24000,167.6250,137,68,0.33211
1205380,0.23500,169.0625,137,68,0.31648
1205390,0.22500,169.1250,137,68,0.30842
1205400,0.19500,168.9375,137,68,0.30012
1205410,0.14500,168.6875,137,68,0.29206
1205420,0.07500,168.0000,137,68,0.27643
1205430,0.00000,167.7500,137,68,0.26862
1205440,-0.05500,167.5625,137,68,0.26105
1205450,-0.10500,167.4375,137,68,0.25397
1205460,-0.13500,167.1250,137,68,0.24176
1205470,-0.15500,166.8750,137,68,0.23785
1205480,-0.16000,166.5000,137,68,0.23248
1205490,-0.16000,165.8750,137,68,0.22662
1205500,-0.15500,163.7500,137,68,0.21441
1205510,-0.15500,161.9375,137,68,0.20928
1205520,-0.15500,159.5625,137,68,0.20733
1205530,-0.15500,156.3750,137,68,0.20904
1205540,-0.16000,147.5625,137,68,0.23053
1205550,-0.16000,142.1250,137,68,0.25275
1205560,-0.16000,136.5625,137,68,0.27790
1205570,-0.15500,131.3125,137,68,0.30672
1205580,-0.13500,123.4375,137,68,0.38193
1205590,-0.09500,120.9375,137,68,0.42198
1205600,-0.04500,119.1875,137,68,0.46007
1205610,-0.01000,117.9375,137,68,0.49499
1205620,0.03500,116.3125,137,68,0.55336
1205630,0.06000,115.6875,137,68,0.57705
1205640,0.04500,115.1250,137,68,0.59756
1205650,0.01000,114.6250,137,68,0.61563
1205660,-0.02500,113.3750,137,68,0.64420
1205670,-0.06500,112.5625,137,68,0.65470
1205680,-0.10000,111.7500,137,68,0.66593
1205690,-0.13500,110.8125,137,68,0.67741
1205700,-0.15500,108.9375,137,68,0.69963
1205710,-0.16000,108.0000,137,68,0.71013
1205720,-0.16500,107.1250,137,68,0.72015
1205730,-0.17000,106.2500,137,68,0.72943
1205740,-0.16500,104.5625,137,68,0.74115
1205750,-0.15500,103.8125,137,68,0.74115
1205760,-0.15500,103.0000,137,68,0.74139
1205770,-0.07500,102.2500,137,68,0.74115
1205780,0.26000,100.6875,137,68,0.73968
1205790,0.83000,99.8750,137,68,0.73602
1205800,1.01500,99.1875,137,68,0.72967
1205810,0.44500,98.4375,137,68,0.72015
1205820,-0.20000,96.8750,137,68,0.69304
1205830,-0.46000,96.0625,137,68,0.67595
1205840,-0.41500,95.2500,137,68,0.65788
1205850,-0.29000,94.5000,137,68,0.63932
1205860,-0.24000,92.9375,137,68,0.60562
1205870,-0.23500,92.1875,137,68,0.59194
1205880,-0.22000,91.4375,137,68,0.57802
1205890,-0.21500,90.7500,137,68,0.56484
1205900,-0.20500,89.5000,137,68,0.54115
1205910,-0.20000,89.0625,137,68,0.53016
1205920,-0.19500,88.6875,137,68,0.51941
1205930,-0.18500,88.4375,137,68,0.50916
1205940,-0.17000,88.4375,137,68,0.48889
1205950,-0.15500,88.8750,137,68,0.47888
1205960,-0.13500,90.3125,137,68,0.47033
1205970,-0.11000,98.1250,137,68,0.46252
1205980,-0.07500,104.8125,137,68,0.44469
1205990,-0.04000,112.8125,137,68,0.43541
1206000,0.00000,121.4375,143,71,0.42637
1206010,0.04000,130.1875,143,71,0.41734
1206020,0.08500,146.1250,143,71,0.40024
1206030,0.13000,152.6875,143,71,0.39219
1206040,0.17000,158.0625,143,71,0.38413
1206050,0.20500,162.3125,143,71,0.37656
1206060,0.22500,167.6875,143,71,0.36313
1206070,0.24000,169.1250,143,71,0.35800
1206080,0.24000,169.8750,143,71,0.35189
1206090,0.23000,170.1250,143,71,0.34530
1206100,0.20000,169.6875,143,71,0.33187
1206110,0.14500,169.2500,143,71,0.32527
1206120,0.07000,168.8750,143,71,0.31868
1206130,0.00000,168.5625,143,71,0.31209
1206140,-0.05000,168.1250,143,71,0.29915
1206150,-0.09000,168.0625,143,71,0.29304
1206160,-0.11500,168.0000,143,71,0.28889
1206170,-0.13500,167.9375,143,71,0.28547
1206180,-0.14000,167.2500,143,71,0.27619
1206190,-0.14500,166.5625,143,71,0.27106
1206200,-0.14500,165.4375,143,71,0.26593
1206210,-0.15000,163.8750,143,71,0.26154
1206220,-0.15500,158.6875,143,71,0.25763
1206230,-0.16000,154.8750,143,71,0.26105
1206240,-0.16500,150.1875,143,71,0.27009
1206250,-0.17000,144.8125,143,71,0.28571
1206260,-0.17000,133.4375,143,71,0.33211
1206270,-0.16000,128.5000,143,71,0.35849
1206280,-0.13000,124.5625,143,71,0.39048
1206290,-0.07500,119.5000,143,71,0.45958
1206300,-0.03500,118.0000,143,71,0.49206
1206310,0.00000,116.9375,143,71,0.52161
1206320,0.05000,116.1250,143,71,0.54799
1206330,0.06000,115.5625,143,71,0.57118
1206340,0.04000,114.5000,143,71,0.61001
1206350,0.00500,113.9375,143,71,0.62637
1206360,-0.03500,113.3125,143,71,0.63907
1206370,-0.08000,112.6250,143,71,0.64957
1206380,-0.12000,110.9375,143,71,0.67179
1206390,-0.15000,110.0000,143,71,0.68254
1206400,-0.16000,109.0000,143,71,0.69304
1206410,-0.16500,108.0625,143,71,0.70330
1206420,-0.17000,106.3125,143,71,0.72234
1206430,-0.17000,105.4375,143,71,0.73089
1206440,-0.16500,104.6250,143,71,0.73871
1206450,-0.16000,103.8750,143,71,0.74554
1206460,-0.16000,102.3125,143,71,0.75360
1206470,-0.03000,101.5000,143,71,0.75385
1206480,0.38500,100.6250,143,71,0.75287
1206490,0.92500,99.6875,143,71,0.74969
1206500,0.91500,97.8125,143,71,0.73455
1206510,0.24000,96.8750,143,71,0.72210
1206520,-0.32500,96.0000,143,71,0.70672
1206530,-0.48000,95.1250,143,71,0.68352
1206540,-0.38500,93.4375,143,71,0.64542
1206550,-0.27000,92.6875,143,71,0.62759
1206560,-0.23000,91.9375,143,71,0.61123
1206570,-0.23000,91.1875,143,71,0.59634
1206580,-0.22000,89.8125,143,71,0.56679
1206590,-0.21000,89.1875,143,71,0.55336
1206600,-0.20000,88.6250,143,71,0.54090
1206610,-0.18500,88.1875,143,71,0.52943
1206620,-0.17500,87.6250,143,71,0.50745
1206630,-0.16500,87.5625,143,71,0.49695
1206640,-0.15000,87.6875,143,71,0.48669
1206650,-0.13500,88.1875,143,71,0.47668
1206660,-0.11500,92.4375,143,71,0.45983
1206670,-0.09500,97.2500,143,71,0.45079
1206680,-0.06500,104.0000,143,71,0.44176
1206690,-0.02500,112.1250,143,71,0.43248
1206700,0.02500,129.9375,143,71,0.41465
1206710,0.08000,138.5625,143,71,0.40586
1206720,0.12500,146.3125,143,71,0.39731
1206730,0.16500,152.9375,143,71,0.38901
1206740,0.19500,162.5000,143,71,0.37289
1206750,0.22000,165.5000,143,71,0.36484
1206760,0.23500,167.5625,143,71,0.35824
1206770,0.24000,168.7500,143,71,0.35263
1206780,0.23500,169.5000,143,71,0.33822
1206790,0.21500,169.3750,143,71,0.33065
1206800,0.17500,169.1250,143,71,0.32308
1206810,0.12000,168.5000,143,71,0.31551
1206820,0.05000,168.2500,143,71,0.30110
1206830,-0.01500,168.0000,143,71,0.29426
1206840,-0.07500,167.8750,143,71,0.28767
1206850,-0.11500,167.7500,143,71,0.28132
1206860,-0.14500,167.5625,143,71,0.27302
1206870,-0.16000,167.3125,143,71,0.26838
1206880,-0.16500,166.9375,143,71,0.26300
1206890,-0.16500,166.3125,143,71,0.25763
1206900,-0.16500,163.6875,143,71,0.24811
1206910,-0.17000,161.5000,143,71,0.24493
1206920,-0.17000,158.5000,143,71,0.24444
1206930,-0.17500,154.6250,143,71,0.24786
1206940,-0.17500,144.6250,143,71,0.27253
1206950,-0.17500,138.8125,143,71,0.29524
1206960,-0.17500,133.1875,143,71,0.31990
1206970,-0.16000,128.1875,143,71,0.34725
1206980,-0.12500,121.3125,143,71,0.41612
1206990,-0.08500,119.1875,143,71,0.45177
1207000,-0.04500,117.7500,146,73,0.48547
1207010,0.00000,116.6875,146,73,0.51624
1207020,0.04000,115.3750,146,73,0.56777
1207030,0.04000,114.8750,146,73,0.58950
1207040,0.00500,114.3750,146,73,0.60879
1207050,-0.04000,113.8125,146,73,0.62613
1207060,-0.08500,112.3750,146,73,0.65128
1207070,-0.12500,111.5000,146,73,0.66349
1207080,-0.16000,110.5625,146,73,0.67570
1207090,-0.18000,109.6250,146,73,0.68767
1207100,-0.18500,107.7500,146,73,0.71038
1207110,-0.18500,106.7500,146,73,0.72088
1207120,-0.18000,105.8125,146,73,0.73040
1207130,-0.17000,104.1250,146,73,0.73919
1207140,-0.16000,103.2500,146,73,0.75360
1207150,-0.15500,102.3750,146,73,0.75873
1207160,-0.13500,101.5625,146,73,0.76117
1207170,0.10000,100.6875,146,73,0.76117
1207180,0.62000,98.9375,146,73,0.75653
1207190,1.01500,98.0625,146,73,0.75018
1207200,0.72000,97.1875,146,73,0.74066
1207210,0.00500,96.3125,146,73,0.72772
1207220,-0.41000,94.6875,146,73,0.69328
1207230,-0.44500,93.8750,146,73,0.67326
1207240,-0.31500,93.0625,146,73,0.65226
1207250,-0.23000,92.2500,146,73,0.63150
1207260,-0.21000,90.7500,146,73,0.59756
1207270,-0.20500,90.0000,146,73,0.58144
1207280,-0.19500,89.2500,146,73,0.56630
1207290,-0.19000,88.5625,146,73,0.55214
1207300,-0.17500,87.3750,146,73,0.52723
1207310,-0.16500,87.0000,146,73,0.51575
1207320,-0.15500,86.7500,146,73,0.50501
1207330,-0.14500,86.6250,146,73,0.49426
1207340,-0.13500,87.3125,146,73,0.47326
1207350,-0.11500,88.8125,146,73,0.46276
1207360,-0.09000,91.8125,146,73,0.45397
1207370,-0.06500,96.7500,146,73,0.44591
1207380,-0.02500,111.7500,146,73,0.42711
1207390,0.01000,120.5625,146,73,0.41783
1207400,0.06000,129.5000,146,73,0.40855
1207410,0.10000,138.0000,146,73,0.39951
1207420,0.14500,152.1875,146,73,0.38217
1207430,0.17500,157.4375,146,73,0.37363
1207440,0.20500,161.5000,146,73,0.36532
1207450,0.22500,164.4375,146,73,0.35702
1207460,0.23500,167.5625,146,73,0.34505
1207470,0.23500,168.1250,146,73,0.33822
1207480,0.22500,168.3125,146,73,0.33114
1207490,0.20500,168.1875,146,73,0.32405
1207500,0.16000,167.6250,146,73,0.30965
1207510,0.09000,167.3750,146,73,0.30256
1207520,0.02000,167.1250,146,73,0.29573
1207530,-0.04000,166.9375,146,73,0.28913
1207540,-0.08500,166.6875,146,73,0.27619
1207550,-0.12500,166.5625,146,73,0.27009
1207560,-0.14000,166.3750,146,73,0.26569
1207570,-0.14500,166.1250,146,73,0.26203
1207580,-0.14500,164.9375,146,73,0.25250
1207590,-0.14000,163.8125,146,73,0.24737
1207600,-0.14500,162.1875,146,73,0.24274
1207610,-0.15000,159.9375,146,73,0.23956
1207620,-0.15500,153.2500,146,73,0.24249
1207630,-0.15500,148.6250,146,73,0.25177
1207640,-0.15500,143.2500,146,73,0.26764
1207650,-0.15000,137.5000,146,73,0.29060
1207660,-0.13500,127.0625,146,73,0.34335
1207670,-0.11000,123.2500,146,73,0.37705
1207680,-0.06000,120.3750,146,73,0.41343
1207690,-0.01000,116.9375,146,73,0.48449
1207700,0.02000,115.8125,146,73,0.51624
1207710,0.06000,115.0000,146,73,0.54481
1207720,0.07000,114.3125,146,73,0.57045
1207730,0.04500,113.6250,146,73,0.59316
1207740,0.01000,112.1875,146,73,0.63175
1207750,-0.03000,111.4375,146,73,0.64860
1207760,-0.07500,110.5625,146,73,0.66178
1207770,-0.11500,109.6875,146,73,0.67277
1207780,-0.13500,107.8125,146,73,0.69719
1207790,-0.15500,106.9375,146,73,0.70549
1207800,-0.16000,106.0625,146,73,0.71136
1207810,-0.16000,105.1875,146,73,0.71868
1207820,-0.15500,103.6250,146,73,0.73382
1207830,-0.15000,102.8750,146,73,0.74066
1207840,-0.14000,102.1250,146,73,0.74628
1207850,-0.14500,100.5000,146,73,0.75043
1207860,-0.04500,99.6250,146,73,0.75165
1207870,0.34000,98.8125,146,73,0.74994
1207880,0.97000,97.9375,146,73,0.74603
1207890,0.97000,97.0000,146,73,0.73944
1207900,0.36000,95.2500,146,73,0.71673
1207910,-0.24000,94.3750,146,73,0.70085
1207920,-0.45500,93.5625,146,73,0.68278
1207930,-0.37500,92.7500,146,73,0.66325
1207940,-0.25000,91.3125,146,73,0.62344
1207950,-0.21000,90.6250,146,73,0.60440
1207960,-0.20500,89.8750,146,73,0.58828
1207970,-0.19000,89.1875,146,73,0.57411
1207980,-0.18000,87.8125,146,73,0.54652
1207990,-0.17500,87.2500,146,73,0.53382
1208000,-0.17000,86.7500,151,76,0.52186
1208010,-0.16000,86.3750,151,76,0.51038
1208020,-0.14500,86.0625,151,76,0.48864
1208030,-0.13500,86.1875,151,76,0.47814
1208040,-0.11500,86.9375,151,76,0.46764
1208050,-0.09500,88.6875,151,76,0.45739
1208060,-0.06500,97.5000,151,76,0.44103
1208070,-0.03500,104.7500,151,76,0.43248
1208080,0.00500,113.1875,151,76,0.42369
1208090,0.04000,122.2500,151,76,0.41490
1208100,0.09000,139.6875,151,76,0.39805
1208110,0.13500,147.1875,151,76,0.38999
1208120,0.17500,153.4375,151,76,0.38193
1208130,0.20500,158.4375,151,76,0.37411
1208140,0.23500,164.7500,151,76,0.35897
1208150,0.24500,166.3750,151,76,0.35140
1208160,0.25000,167.3125,151,76,0.34554
1208170,0.24500,167.7500,151,76,0.34042
1208180,0.23500,167.7500,151,76,0.32796
1208190,0.20500,167.5625,151,76,0.32137
1208200,0.15500,167.3750,151,76,0.31453
1208210,0.08000,167.1875,151,76,0.30794
1208220,0.01000,166.8750,151,76,0.29548
1208230,-0.05000,166.7500,151,76,0.28962
1208240,-0.09500,166.6875,151,76,0.28400
1208250,-0.12000,166.5625,151,76,0.27839
1208260,-0.13500,166.0625,151,76,0.27131
1208270,-0.14500,165.4375,151,76,0.26716
1208280,-0.14500,164.5625,151,76,0.26252
1208290,-0.15500,163.2500,151,76,0.25763
1208300,-0.15500,158.9375,151,76,0.25055
1208310,-0.15500,155.7500,151,76,0.25055
1208320,-0.15500,151.6875,151,76,0.25470
1208330,-0.15500,146.8125,151,76,0.26447
1208340,-0.15000,135.5625,151,76,0.30427
1208350,-0.14500,130.0625,151,76,0.33358
1208360,-0.13000,125.3750,151,76,0.36288
1208370,-0.09500,121.6875,151,76,0.39267
1208380,-0.05000,117.2500,151,76,0.46129
1208390,-0.00500,116.0625,151,76,0.49451
1208400,0.04500,115.2500,151,76,0.52527
1208410,0.07000,114.6250,151,76,0.55311
1208420,0.06000,113.5000,151,76,0.60000
1208430,0.02500,112.8750,151,76,0.62002
1208440,-0.01500,112.1875,151,76,0.63810
1208450,-0.05500,110.4375,151,76,0.65495
1208460,-0.09500,109.4375,151,76,0.67888
1208470,-0.13000,108.5000,151,76,0.69084
1208480,-0.15000,107.5625,151,76,0.70281
1208490,-0.15500,106.6250,151,76,0.71453
1208500,-0.15500,104.9375,151,76,0.73529
1208510,-0.16000,104.1875,151,76,0.74432
1208520,-0.16000,103.3750,151,76,0.75214
1208530,-0.15000,102.6250,151,76,0.75897
1208540,-0.14500,101.0625,151,76,0.76752
1208550,-0.11500,100.1875,151,76,0.76825
1208560,0.13000,99.3125,151,76,0.76654
1208570,0.66000,98.4375,151,76,0.76337
1208580,1.03500,96.6250,151,76,0.74481
1208590,0.71000,95.7500,151,76,0.73578
1208600,-0.00500,94.8125,151,76,0.72259
1208610,-0.41000,94.0000,151,76,0.70598
1208620,-0.44000,92.3750,151,76,0.66618
1208630,-0.31000,91.6250,151,76,0.64518
1208640,-0.23000,90.9375,151,76,0.62442
1208650,-0.21000,90.1875,151,76,0.60464
1208660,-0.20500,88.7500,151,76,0.57363
1208670,-0.19000,88.0625,151,76,0.55946
1208680,-0.18500,87.3750,151,76,0.54603
1208690,-0.18000,86.8125,151,76,0.53333
1208700,-0.17000,86.0625,151,76,0.50989
1208710,-0.15500,85.9375,151,76,0.49890
1208720,-0.14000,85.9375,151,76,0.48816
1208730,-0.12500,86.3750,151,76,0.47766
1208740,-0.11000,89.9375,151,76,0.45714
1208750,-0.08500,94.3125,151,76,0.44860
1208760,-0.05000,100.7500,151,76,0.44103
1208770,-0.01500,117.6250,151,76,0.43248
1208780,0.03000,126.8125,151,76,0.41490
1208790,0.08000,135.6875,151,76,0.40635
1208800,0.12500,143.7500,151,76,0.39780
1208810,0.16500,150.6875,151,76,0.38950
1208820,0.20500,160.6875,151,76,0.37314
1208830,0.23000,163.8125,151,76,0.36532
1208840,0.24500,165.9375,151,76,0.35751
1208850,0.25500,167.2500,151,76,0.34969
1208860,0.25500,168.1875,151,76,0.33822
1208870,0.24500,168.2500,151,76,0.33162
1208880,0.22500,168.1250,151,76,0.32479
1208890,0.18000,167.9375,151,76,0.31795
1208900,0.11500,167.5625,151,76,0.30427
1208910,0.04500,167.5000,151,76,0.29768
1208920,-0.02000,167.4375,151,76,0.29133
1208930,-0.06500,167.3750,151,76,0.28523
1208940,-0.10000,167.1250,151,76,0.27350
1208950,-0.11500,166.8750,151,76,0.26935
1208960,-0.12500,166.4375,151,76,0.26618
1208970,-0.13000,165.8125,151,76,0.26178
1208980,-0.13500,163.1875,151,76,0.25226
1208990,-0.13500,161.0625,151,76,0.24835
1209000,-0.14500,158.1875,153,78,0.24664
1209010,-0.14500,154.5000,153,78,0.24811
1209020,-0.15500,144.6875,153,78,0.26691
1209030,-0.15500,138.9375,153,78,0.28620
1209040,-0.14500,133.2500,153,78,0.31209
1209050,-0.12500,128.2500,153,78,0.34335
1209060,-0.09500,121.1250,153,78,0.40415
1209070,-0.05000,118.9375,153,78,0.43810
1209080,-0.01500,117.5000,153,78,0.47228
1209090,0.03000,116.3750,153,78,0.50476
1209100,0.06500,114.8750,153,78,0.56166
1209110,0.06500,114.3125,153,78,0.58608
1209120,0.03500,113.7500,153,78,0.60781
1209130,-0.00500,113.0625,153,78,0.62759
1209140,-0.05000,111.5000,153,78,0.66227
1209150,-0.09500,110.6250,153,78,0.67497
1209160,-0.13000,109.6875,153,78,0.68547
1209170,-0.14500,108.7500,153,78,0.69695
1209180,-0.15000,106.8750,153,78,0.71941
1209190,-0.15000,106.0625,153,78,0.72943
1209200,-0.15000,105.1875,153,78,0.73822
1209210,-0.14500,104.3750,153,78,0.74603
1209220,-0.14000,102.7500,153,78,0.75775
1209230,-0.13500,102.0000,153,78,0.76117
1209240,-0.12000,101.1250,153,78,0.76288
1209250,0.05000,100.2500,153,78,0.76239
1209260,0.55000,98.5000,153,78,0.75433
1209270,1.03500,97.6250,153,78,0.74676
1209280,0.82500,96.7500,153,78,0.73626
1209290,0.11000,95.8750,153,78,0.72259
1209300,-0.34500,94.1875,153,78,0.68694
1209310,-0.43500,93.3750,153,78,0.66618
1209320,-0.31500,92.6250,153,78,0.64444
1209330,-0.21500,91.8125,153,78,0.62295
1209340,-0.19500,90.3125,153,78,0.58291
1209350,-0.18500,89.5625,153,78,0.56679
1209360,-0.17500,88.8125,153,78,0.55311
1209370,-0.17500,88.1250,153,78,0.53944
1209380,-0.17500,87.0000,153,78,0.51429
1209390,-0.17000,86.6250,153,78,0.50281
1209400,-0.16000,86.3750,153,78,0.49182
1209410,-0.14500,86.3125,153,78,0.48107
1209420,-0.13000,87.2500,153,78,0.46007
1209430,-0.11000,89.1250,153,78,0.44982
1209440,-0.08500,92.6875,153,78,0.43956
1209450,-0.05500,98.3125,153,78,0.42955
1209460,-0.02500,114.4375,153,78,0.41416
1209470,0.02000,123.6250,153,78,0.40610
1209480,0.07000,132.7500,153,78,0.39780
1209490,0.12000,141.1875,153,78,0.38950
1209500,0.16000,154.9375,153,78,0.37314
1209510,0.19500,159.8750,153,78,0.36508
1209520,0.22500,163.5625,153,78,0.35726
1209530,0.24500,166.1250,153,78,0.34969
1209540,0.25000,168.7500,153,78,0.33480
1209550,0.25500,169.2500,153,78,0.32894
1209560,0.24500,169.4375,153,78,0.32405
1209570,0.23000,169.4375,153,78,0.31795
1209580,0.18500,169.0625,153,78,0.30501
1209590,0.13000,168.8750,153,78,0.29817
1209600,0.05500,168.7500,153,78,0.29011
1209610,-0.00500,168.6875,153,78,0.28303
1209620,-0.06500,168.6250,153,78,0.27253
1209630,-0.10000,168.5625,153,78,0.26716
1209640,-0.11500,168.4375,153,78,0.26178
1209650,-0.12500,168.0625,153,78,0.25641
1209660,-0.14000,166.6250,153,78,0.24957
1209670,-0.14500,165.3125,153,78,0.24567
1209680,-0.15500,163.4375,153,78,0.24176
1209690,-0.16000,160.8125,153,78,0.23907
1209700,-0.16000,153.1875,153,78,0.24249
1209710,-0.15500,148.1250,153,78,0.25177
1209720,-0.15500,142.4375,153,78,0.26789
1209730,-0.15500,136.5625,153,78,0.29084
1209740,-0.14000,126.6875,153,78,0.35336
1209750,-0.10500,123.1875,153,78,0.38510
1209760,-0.07000,120.7500,153,78,0.41538
1209770,-0.03000,118.9375,153,78,0.44835
1209780,0.02000,116.8125,153,78,0.51160
1209790,0.06000,116.1875,153,78,0.53944
1209800,0.06000,115.5625,153,78,0.56459
1209810,0.03000,115.0000,153,78,0.58706
1209820,-0.00500,113.6875,153,78,0.62564
1209830,-0.05000,112.8750,153,78,0.64225
1209840,-0.07500,112.0625,153,78,0.65372
1209850,-0.11500,111.1875,153,78,0.66178
1209860,-0.13500,109.2500,153,78,0.67595
1209870,-0.14500,108.3125,153,78,0.68400
1209880,-0.15500,107.3750,153,78,0.69231
1209890,-0.15500,106.5000,153,78,0.70037
1209900,-0.15500,104.8750,153,78,0.71404
1209910,-0.14500,104.0625,153,78,0.71941
1209920,-0.14000,103.2500,153,78,0.72357
1209930,-0.12500,102.3750,153,78,0.72625
1209940,0.07000,100.6250,153,78,0.72552
1209950,0.56500,99.6875,153,78,0.72186
1209960,1.02000,98.7500,153,78,0.71600
1209970,0.82500,97.8750,153,78,0.70745
1209980,0.09500,96.0625,153,78,0.68205
1209990,-0.38000,95.1875,153,78,0.66545
1210000,-0.44500,94.3750,157,80,0.64689
1210010,-0.30000,92.8125,157,80,0.60733
1210020,-0.23000,92.0625,157,80,0.58803
1210030,-0.20500,91.3125,157,80,0.56996
1210040,-0.20000,90.6250,157,80,0.55311
1210050,-0.19000,89.9375,157,80,0.53797
1210060,-0.18500,88.6875,157,80,0.51526
1210070,-0.17500,88.1250,157,80,0.50452
1210080,-0.16500,87.7500,157,80,0.49402
1210090,-0.15000,87.4375,157,80,0.48376
1210100,-0.13500,87.6875,157,80,0.46398
1210110,-0.12500,88.3750,157,80,0.45446
1210120,-0.10500,90.0625,157,80,0.44518
1210130,-0.08000,93.3125,157,80,0.43614
1210140,-0.05500,105.6250,157,80,0.41832
1210150,-0.02000,114.0625,157,80,0.41123
1210160,0.01000,123.1875,157,80,0.40488
1210170,0.05500,141.0625,157,80,0.39780
1210180,0.10000,148.7500,157,80,0.38315
1210190,0.14500,155.2500,157,80,0.37582
1210200,0.18000,160.4375,157,80,0.36850
1210210,0.21000,164.3125,157,80,0.36117
1210220,0.23000,169.0000,157,80,0.34676
1210230,0.24500,170.0625,157,80,0.33968
1210240,0.24500,170.6250,157,80,0.33284
1210250,0.23500,170.8125,157,80,0.32747
1210260,0.21500,170.6250,157,80,0.31722
1210270,0.17000,170.5000,157,80,0.31136
1210280,0.11000,170.3125,157,80,0.30549
1210290,0.03500,170.2500,157,80,0.29963
1210300,-0.02500,170.3125,157,80,0.28816
1210310,-0.07500,170.3125,157,80,0.28254
1210320,-0.11500,170.3750,157,80,0.27717
1210330,-0.13500,170.3125,157,80,0.27204
1210340,-0.14500,169.6250,157,80,0.26178
1210350,-0.15000,168.8125,157,80,0.25861
1210360,-0.15500,167.5625,157,80,0.25617
1210370,-0.15500,165.7500,157,80,0.25324
1210380,-0.16000,159.8750,157,80,0.25079
1210390,-0.16000,155.6875,157,80,0.25397
1210400,-0.16000,150.6250,157,80,0.26178
1210410,-0.16000,144.8750,157,80,0.27546
1210420,-0.16000,133.2500,157,80,0.32088
1210430,-0.14500,128.5625,157,80,0.35116
1210440,-0.11000,124.8750,157,80,0.38413
1210450,-0.07000,122.1875,157,80,0.41392
1210460,-0.03500,118.9375,157,80,0.47009
1210470,0.01000,118.0000,157,80,0.49792
1210480,0.04000,117.3125,157,80,0.52357
1210490,0.03500,116.6875,157,80,0.54676
1210500,0.00500,115.5000,157,80,0.58632
1210510,-0.03500,114.8125,157,80,0.60317
1210520,-0.07500,114.0000,157,80,0.61856
1210530,-0.12500,112.1875,157,80,0.64542
1210540,-0.15500,111.1875,157,80,0.65763
1210550,-0.17000,110.2500,157,80,0.66691
1210560,-0.17500,109.2500,157,80,0.67448
1210570,-0.17000,108.3750,157,80,0.68278
1210580,-0.17000,106.6250,157,80,0.69890
1210590,-0.16000,105.8125,157,80,0.70598
1210600,-0.15000,105.0000,157,80,0.71209
1210610,-0.14500,104.1875,157,80,0.71697
1210620,-0.12000,102.4375,157,80,0.72112
1210630,0.09000,101.5625,157,80,0.72039
1210640,0.61000,100.6875,157,80,0.71844
1210650,1.05000,99.8750,157,80,0.71380
1210660,0.76500,98.1250,157,80,0.69670
1210670,0.05000,97.3125,157,80,0.68376
1210680,-0.37500,96.5000,157,80,0.66813
1210690,-0.43500,95.6250,157,80,0.65055
1210700,-0.30500,94.0000,157,80,0.61197
1210710,-0.21500,93.1875,157,80,0.59267
1210720,-0.20500,92.3750,157,80,0.57436
1210730,-0.19500,90.8125,157,80,0.55751
1210740,-0.18500,90.0625,157,80,0.52845
1210750,-0.18000,89.4375,157,80,0.51722
1210760,-0.18000,88.8750,157,80,0.50769
1210770,-0.17000,88.4375,157,80,0.49792
1210780,-0.16000,88.0625,157,80,0.47839
1210790,-0.15500,88.1250,157,80,0.46862
1210800,-0.14000,88.6250,157,80,0.45910
1210810,-0.12000,90.0625,157,80,0.44957
1210820,-0.10000,98.0625,157,80,0.43101
1210830,-0.07000,105.0000,157,80,0.42198
1210840,-0.03500,113.4375,157,80,0.41343
1210850,0.00500,122.6250,157,80,0.40635
1210860,0.05500,140.8125,157,80,0.39316
1210870,0.10000,148.7500,157,80,0.38608
1210880,0.14000,155.5000,157,80,0.37875
1210890,0.17500,160.9375,157,80,0.37167
1210900,0.20500,168.0625,157,80,0.35726
1210910,0.22500,170.0625,157,80,0.35043
1210920,0.23500,171.3125,157,80,0.34383
1210930,0.23500,171.9375,157,80,0.33724
1210940,0.23000,172.2500,157,80,0.32454
1210950,0.20500,172.1875,157,80,0.31966
1210960,0.16000,172.0625,157,80,0.31575
1210970,0.10000,171.9375,157,80,0.31087
1210980,0.03000,171.8125,157,80,0.29988
1210990,-0.03500,171.8125,157,80,0.29426
1211000,-0.08500,171.8125,158,81,0.28864
1211010,-0.11500,171.7500,158,81,0.28327
1211020,-0.14000,171.4375,158,81,0.27277
1211030,-0.15000,171.0000,158,81,0.26789
1211040,-0.15500,170.2500,158,81,0.26300
1211050,-0.15500,169.0000,158,81,0.25983
1211060,-0.15500,164.7500,158,81,0.25568
1211070,-0.16000,161.4375,158,81,0.25495
1211080,-0.16500,157.2500,158,81,0.25714
1211090,-0.16000,152.1875,158,81,0.26374
1211100,-0.16000,140.3750,158,81,0.29475
1211110,-0.15500,134.6875,158,81,0.31917
1211120,-0.13500,129.8125,158,81,0.34872
1211130,-0.10000,126.0625,158,81,0.38120
1211140,-0.05500,121.3750,158,81,0.44811
1211150,-0.01500,120.0000,158,81,0.47570
1211160,0.02500,119.0625,158,81,0.49963
1211170,0.06000,118.3125,158,81,0.52357
1211180,0.05000,117.1250,158,81,0.56679
1211190,0.02000,116.5000,158,81,0.58559
1211200,-0.01500,115.8125,158,81,0.60269
1211210,-0.05500,115.0625,158,81,0.61832
1211220,-0.10000,113.2500,158,81,0.64640
1211230,-0.13500,112.2500,158,81,0.65885
1211240,-0.15000,111.2500,158,81,0.67033
1211250,-0.16000,110.2500,158,81,0.67912
1211260,-0.17000,108.3125,158,81,0.69402
1211270,-0.17000,107.4375,158,81,0.70183
1211280,-0.16500,106.6250,158,81,0.70891
1211290,-0.16000,105.8125,158,81,0.71526
1211300,-0.15500,104.0625,158,81,0.72430
1211310,-0.13500,103.1875,158,81,0.72674
1211320,0.10000,102.3125,158,81,0.72723
1211330,0.63000,101.3750,158,81,0.72527
1211340,1.04000,99.5000,158,81,0.71258
1211350,0.74000,98.5625,158,81,0.70281
1211360,0.01500,97.7500,158,81,0.69109
1211370,-0.40500,96.0625,158,81,0.67619
1211380,-0.43500,95.2500,158,81,0.64029
1211390,-0.31500,94.5000,158,81,0.62100
1211400,-0.23000,93.7500,158,81,0.60195
1211410,-0.21000,93.0000,158,81,0.58364
1211420,-0.20000,91.5625,158,81,0.55140
1211430,-0.18500,90.8125,158,81,0.53748
1211440,-0.18000,90.1875,158,81,0.52503
1211450,-0.17000,89.5625,158,81,0.51477
1211460,-0.16500,88.8750,158,81,0.49646
1211470,-0.15500,88.7500,158,81,0.48718
1211480,-0.15000,88.7500,158,81,0.47790
1211490,-0.13500,89.1875,158,81,0.46862
1211500,-0.12500,93.1250,158,81,0.45006
1211510,-0.10000,97.9375,158,81,0.44103
1211520,-0.07500,104.7500,158,81,0.43223
1211530,-0.04000,113.1250,158,81,0.42344
1211540,0.00500,131.8750,158,81,0.40659
1211550,0.05500,140.9375,158,81,0.39976
1211560,0.10500,149.0625,158,81,0.39390
1211570,0.14500,156.0000,158,81,0.38706
1211580,0.18500,165.8125,158,81,0.37289
1211590,0.21000,168.8750,158,81,0.36581
1211600,0.22500,170.8750,158,81,0.35897
1211610,0.23500,172.0625,158,81,0.35214
1211620,0.24000,172.9375,158,81,0.33846
1211630,0.23500,172.9375,158,81,0.33187
1211640,0.21500,172.8750,158,81,0.32552
1211650,0.16500,172.8750,158,81,0.31917
1211660,0.09500,172.8750,158,81,0.31062
1211670,0.02000,173.0000,158,81,0.30598
1211680,-0.04500,173.1250,158,81,0.30085
1211690,-0.09000,173.2500,158,81,0.29573
1211700,-0.12500,173.3125,158,81,0.28547
1211710,-0.14000,173.1875,158,81,0.28059
1211720,-0.15000,172.7500,158,81,0.27570
1211730,-0.15000,172.0625,158,81,0.27106
1211740,-0.15500,169.1875,158,81,0.26252
1211750,-0.15500,166.8125,158,81,0.26056
1211760,-0.16000,163.5625,158,81,0.26081
1211770,-0.16500,159.5000,158,81,0.26300
1211780,-0.17000,148.7500,158,81,0.28083
1211790,-0.17000,142.6250,158,81,0.29841
1211800,-0.17000,136.7500,158,81,0.32210
1211810,-0.15000,131.5625,158,81,0.35116
1211820,-0.11500,124.5000,158,81,0.41758
1211830,-0.07000,122.4375,158,81,0.45128
1211840,-0.02500,121.0000,158,81,0.48327
1211850,0.02500,120.0000,158,81,0.50940
1211860,0.06000,118.7500,158,81,0.55336
1211870,0.05500,118.1875,158,81,0.57411
1211880,0.02500,117.6250,158,81,0.59316
1211890,-0.01500,116.9375,158,81,0.61490
1211900,-0.05500,115.3750,158,81,0.65519
1211910,-0.10000,114.4375,158,81,0.67082
1211920,-0.14500,113.3750,158,81,0.68474
1211930,-0.16000,112.3750,158,81,0.69744
1211940,-0.16500,110.3750,158,81,0.71990
1211950,-0.16500,109.3750,158,81,0.72772
1211960,-0.16500,108.4375,158,81,0.73382
1211970,-0.16000,107.5625,158,81,0.74066
1211980,-0.16000,105.8750,158,81,0.75263
1211990,-0.16000,104.9375,158,81,0.75702
1212000,-0.11500,104.0000,160,83,0.75971
1212010,0.14500,103.0625,160,83,0.76020
1212020,0.70500,101.1875,160,83,0.75360
1212030,1.05500,100.2500,160,83,0.74579
1212040,0.63000,99.3750,160,83,0.73455
1212050,-0.08000,98.5000,160,83,0.72186
1212060,-0.42500,96.8125,160,83,0.69011
1212070,-0.43000,96.0000,160,83,0.67057
1212080,-0.30500,95.1875,160,83,0.65006
1212090,-0.23000,94.4375,160,83,0.62955
1212100,-0.22500,92.8750,160,83,0.59145
1212110,-0.22000,92.1250,160,83,0.57460
1212120,-0.21000,91.3750,160,83,0.55946
1212130,-0.20000,90.6875,160,83,0.54579
1212140,-0.19000,89.6875,160,83,0.52332
1212150,-0.18500,89.3125,160,83,0.51429
1212160,-0.18000,89.1875,160,83,0.50476
1212170,-0.17000,89.1875,160,83,0.49499
1212180,-0.16000,90.9375,160,83,0.47546
1212190,-0.14500,93.7500,160,83,0.46569
1212200,-0.12000,98.5000,160,83,0.45617
1212210,-0.09000,113.6875,160,83,0.44689
1212220,-0.05500,122.8750,160,83,0.42857
1212230,-0.01000,132.3125,160,83,0.42002
1212240,0.04000,141.3750,160,83,0.41148
1212250,0.08500,149.5625,160,83,0.40464
1212260,0.13000,162.2500,160,83,0.39170
1212270,0.16500,166.5000,160,83,0.38462
1212280,0.19500,169.5625,160,83,0.37729
1212290,0.22000,171.6250,160,83,0.36972
1212300,0.23000,173.5625,160,83,0.35482
1212310,0.23500,173.8125,160,83,0.34774
1212320,0.22500,173.8750,160,83,0.34066
1212330,0.20000,173.8750,160,83,0.33382
1212340,0.14500,173.7500,160,83,0.32234
1212350,0.08500,173.7500,160,83,0.31844
1212360,0.01500,173.8750,160,83,0.31331
1212370,-0.04500,174.0000,160,83,0.30794
1212380,-0.08500,174.2500,160,83,0.29695
1212390,-0.11500,174.2500,160,83,0.29158
1212400,-0.13500,174.1875,160,83,0.28620
1212410,-0.14000,173.8125,160,83,0.28083
1212420,-0.14500,172.0625,160,83,0.27057
1212430,-0.15000,170.3750,160,83,0.26618
1212440,-0.16000,168.0000,160,83,0.26300
1212450,-0.16500,164.8125,160,83,0.26252
1212460,-0.16000,155.5625,160,83,0.27131
1212470,-0.16000,149.6875,160,83,0.28278
1212480,-0.16500,143.4375,160,83,0.30061
1212490,-0.16000,137.3750,160,83,0.32479
1212500,-0.13500,128.0000,160,83,0.38828
1212510,-0.08500,125.1250,160,83,0.43223
1212520,-0.04500,123.0625,160,83,0.47204
1212530,-0.00500,121.6875,160,83,0.49963
1212540,0.03500,120.0625,160,83,0.55165
1212550,0.06000,119.5000,160,83,0.57192
1212560,0.04000,118.9375,160,83,0.59267
1212570,0.01000,118.3125,160,83,0.61294
1212580,-0.03500,116.8750,160,83,0.64933
1212590,-0.08000,115.9375,160,83,0.66569
1212600,-0.11500,115.0000,160,83,0.68107
1212610,-0.14500,113.9375,160,83,0.69524
1212620,-0.15500,111.9375,160,83,0.71990
1212630,-0.16000,110.9375,160,83,0.73065
1212640,-0.16500,110.0000,160,83,0.74042
1212650,-0.16000,109.1250,160,83,0.74725
1212660,-0.16000,107.3125,160,83,0.75751
1212670,-0.15500,106.3750,160,83,0.76288
1212680,-0.15000,105.5000,160,83,0.76703
1212690,-0.06000,104.5625,160,83,0.76899
1212700,0.31000,102.6875,160,83,0.76703
1212710,0.88500,101.6875,160,83,0.76239
1212720,1.00000,100.7500,160,83,0.75458
1212730,0.41500,99.8750,160,83,0.74335
1212740,-0.21000,98.1250,160,83,0.71355
1212750,-0.45000,97.2500,160,83,0.69695
1212760,-0.38500,96.4375,160,83,0.67204
1212770,-0.26500,95.6250,160,83,0.64860
1212780,-0.22500,94.1250,160,83,0.61319
1212790,-0.21500,93.3125,160,83,0.59170
1212800,-0.20500,92.5625,160,83,0.57314
1212810,-0.20000,91.8750,160,83,0.56068
1212820,-0.19500,90.6875,160,83,0.53382
1212830,-0.19000,90.2500,160,83,0.51868
1212840,-0.17500,90.0000,160,83,0.50745
1212850,-0.16500,89.8750,160,83,0.49817
1212860,-0.15500,90.5000,160,83,0.48107
1212870,-0.13500,92.0000,160,83,0.47253
1212880,-0.11500,95.0625,160,83,0.46105
1212890,-0.09000,100.1875,160,83,0.45079
1212900,-0.06500,115.8125,160,83,0.43175
1212910,-0.02500,125.1875,160,83,0.42295
1212920,0.02000,134.6250,160,83,0.41441
1212930,0.07000,143.6250,160,83,0.40635
1212940,0.12000,158.3125,160,83,0.39390
1212950,0.16000,163.6250,160,83,0.38730
1212960,0.19333,167.5625,160,83,0.38022
1212970,0.22000,170.3750,160,83,0.37289
1212980,0.24000,173.3125,160,83,0.36117
1212990,0.25000,173.9375,160,83,0.35238
1213000,0.25500,174.1875,161,83,0.34457
1213010,0.24000,174.3125,161,83,0.33724
1213020,0.21500,174.4375,161,83,0.32381
1213030,0.16000,174.5625,161,83,0.31746
1213040,0.09500,174.6875,161,83,0.31282
1213050,0.02000,174.8750,161,83,0.30916
1213060,-0.04000,175.3125,161,83,0.29915
1213070,-0.08500,175.5000,161,83,0.29402
1213080,-0.11500,175.5000,161,83,0.28913
1213090,-0.13000,175.3750,161,83,0.28425
1213100,-0.13500,174.1250,161,83,0.27448
1213110,-0.14000,172.8125,161,83,0.27033
1213120,-0.14500,170.8750,161,83,0.26764
1213130,-0.14500,168.2500,161,83,0.26716
1213140,-0.14500,160.3750,161,83,0.27692
1213150,-0.15500,155.1250,161,83,0.28889
1213160,-0.16000,149.2500,161,83,0.30720
1213170,-0.15500,143.1875,161,83,0.33187
1213180,-0.14500,132.6875,161,83,0.39609
1213190,-0.11500,128.9375,161,83,0.43199
1213200,-0.07000,126.1875,161,83,0.46789
1213210,-0.02500,122.8125,161,83,0.53455
1213220,0.01000,121.8125,161,83,0.56386
1213230,0.05000,121.0000,161,83,0.59023
1213240,0.06000,120.3125,161,83,0.61099
1213250,0.03000,119.6250,161,83,0.62833
1213260,-0.00500,118.0625,161,83,0.66349
1213270,-0.04500,117.2500,161,83,0.67985
1213280,-0.09000,116.3125,161,83,0.69524
1213290,-0.12500,114.2500,161,83,0.70940
1213300,-0.14500,113.1875,161,83,0.73407
1213310,-0.15500,112.1250,161,83,0.74481
1213320,-0.16000,111.1250,161,83,0.75433
1213330,-0.16000,110.1875,161,83,0.76264
1213340,-0.16000,108.4375,161,83,0.77167
1213350,-0.15500,107.5625,161,83,0.77534
1213360,-0.15500,106.6875,161,83,0.77827
1213370,-0.14500,105.7500,161,83,0.77973
1213380,-0.01500,103.9375,161,83,0.77607
1213390,0.42500,103.0000,161,83,0.77021
1213400,0.98500,102.1250,161,83,0.76117
1213410,0.93000,101.1250,161,83,0.74872
1213420,0.25000,99.3125,161,83,0.71477
1213430,-0.30000,98.4375,161,83,0.69426
1213440,-0.45000,97.5625,161,83,0.67497
1213450,-0.35000,96.7500,161,83,0.65641
1213460,-0.23500,95.0625,161,83,0.61661
1213470,-0.21000,94.2500,161,83,0.59805
1213480,-0.20000,93.4375,161,83,0.58095
1213490,-0.19000,92.6250,161,83,0.56532
1213500,-0.18500,91.1875,161,83,0.53846
1213510,-0.18500,90.6250,161,83,0.52650
1213520,-0.18000,90.1875,161,83,0.51526
1213530,-0.18000,90.0000,161,83,0.50452
1213540,-0.16500,90.1250,161,83,0.48694
1213550,-0.14500,90.9375,161,83,0.47766
1213560,-0.12500,92.9375,161,83,0.46813
1213570,-0.10500,96.7500,161,83,0.45861
1213580,-0.07500,110.5625,161,83,0.43956
1213590,-0.04500,119.6875,161,83,0.43053
1213600,-0.00500,129.3125,161,83,0.42173
1213610,0.03000,138.8125,161,83,0.41319
1213620,0.08000,155.0625,161,83,0.39707
1213630,0.11500,161.1875,161,83,0.38926
1213640,0.15500,165.9375,161,83,0.38291
1213650,0.18500,169.3125,161,83,0.37753
1213660,0.20500,173.0000,161,83,0.36435
1213670,0.21500,173.8125,161,83,0.35726
1213680,0.22500,174.1875,161,83,0.35043
1213690,0.22500,174.3750,161,83,0.34359
1213700,0.21000,174.4375,161,83,0.33016
1213710,0.17500,174.5625,161,83,0.32381
1213720,0.12000,174.6875,161,83,0.31746
1213730,0.05000,174.8750,161,83,0.31111
1213740,-0.01500,175.3750,161,83,0.30281
1213750,-0.06000,175.6250,161,83,0.29817
1213760,-0.09500,175.7500,161,83,0.29304
1213770,-0.11500,175.6875,161,83,0.28791
1213780,-0.13000,174.8750,161,83,0.27766
1213790,-0.14000,173.9375,161,83,0.27302
1213800,-0.14000,172.4375,161,83,0.26911
1213810,-0.14500,170.3125,161,83,0.26691
1213820,-0.14500,163.6250,161,83,0.27228
1213830,-0.14500,158.9375,161,83,0.28278
1213840,-0.15000,153.3750,161,83,0.29695
1213850,-0.15000,147.3125,161,83,0.31575
1213860,-0.14500,135.3750,161,83,0.37338
1213870,-0.12500,130.6875,161,83,0.40855
1213880,-0.09000,127.0625,161,83,0.44542
1213890,-0.05500,124.5000,161,83,0.48230
1213900,-0.01000,121.6875,161,83,0.54969
1213910,0.03000,120.8750,161,83,0.57924
1213920,0.06000,120.2500,161,83,0.60611
1213930,0.04500,119.6875,161,83,0.62344
1213940,0.01500,118.4375,161,83,0.64249
1213950,-0.02500,117.6250,161,83,0.65568
1213960,-0.06500,116.7500,161,83,0.66960
1213970,-0.11500,115.8125,161,83,0.68303
1213980,-0.14000,113.6875,161,83,0.70745
1213990,-0.15500,112.5625,161,83,0.71795
1214000,-0.16000,111.5625,163,84,0.72723
1214010,-0.16000,110.5625,163,84,0.73529
1214020,-0.16500,108.6875,163,84,0.74750
1214030,-0.16000,107.7500,163,84,0.75018
1214040,-0.15500,106.8125,163,84,0.75092
1214050,-0.14500,105.8750,163,84,0.75165
1214060,-0.10500,103.9375,163,84,0.74872
1214070,0.16500,102.9375,163,84,0.74408
1214080,0.72500,101.9375,163,84,0.73700
1214090,1.07000,100.0625,163,84,0.71404
1214100,0.69000,99.1250,163,84,0.69792
1214110,-0.02500,98.2500,163,84,0.67912
1214120,-0.40500,97.4375,163,84,0.65861
1214130,-0.40000,96.6250,163,84,0.63687
1214140,-0.27500,95.0000,163,84,0.59878
1214150,-0.21000,94.1875,163,84,0.57998
1214160,-0.20000,93.4375,163,84,0.56215
1214170,-0.20000,92.6250,163,84,0.54554
1214180,-0.19000,91.1875,163,84,0.51722
1214190,-0.19000,90.5625,163,84,0.50501
1214200,-0.19000,90.0625,163,84,0.49377
1214210,-0.18000,89.6875,163,84,0.48327
1214220,-0.17000,89.4375,163,84,0.46349
1214230,-0.16000,89.8125,163,84,0.45519
1214240,-0.15000,91.0000,163,84,0.44762
1214250,-0.13500,93.6875,163,84,0.43932
1214260,-0.10500,105.1875,163,84,0.42173
1214270,-0.07000,113.6875,163,84,0.41294
1214280,-0.04500,123.1250,163,84,0.40440
1214290,0.00000,142.0625,163,84,0.39609
1214300,0.04500,150.3125,163,84,0.37973
1214310,0.08500,157.3125,163,84,0.37192
1214320,0.12500,162.8125,163,84,0.36435
1214330,0.15500,167.0000,163,84,0.35678
1214340,0.18500,171.8125,163,84,0.34579
1214350,0.20000,172.9375,163,84,0.33968
1214360,0.21500,173.5625,163,84,0.33309
1214370,0.21500,173.8125,163,84,0.32650
1214380,0.20500,173.9375,163,84,0.31380
1214390,0.18000,174.0000,163,84,0.30769
1214400,0.14000,174.0625,163,84,0.30159
1214410,0.07500,174.2500,163,84,0.29573
1214420,0.01000,174.7500,163,84,0.28425
1214430,-0.04500,175.0625,163,84,0.28010
1214440,-0.08500,175.3750,163,84,0.27692
1214450,-0.11500,175.5000,163,84,0.27277
1214460,-0.13500,175.0625,163,84,0.26374
1214470,-0.14500,174.3750,163,84,0.25910
1214480,-0.14500,173.1875,163,84,0.25470
1214490,-0.15000,171.4375,163,84,0.25128
1214500,-0.15500,165.6250,163,84,0.25177
1214510,-0.15500,161.3750,163,84,0.25812
1214520,-0.16000,156.2500,163,84,0.27033
1214530,-0.16500,144.0625,163,84,0.28889
1214540,-0.16000,137.8750,163,84,0.33455
1214550,-0.15000,132.4375,163,84,0.36532
1214560,-0.11500,128.1250,163,84,0.40000
1214570,-0.07000,125.0000,163,84,0.43614
1214580,-0.03000,121.5000,163,84,0.50598
1214590,0.01500,120.5625,163,84,0.53748
1214600,0.05000,119.8750,163,84,0.56606
1214610,0.05000,119.2500,163,84,0.59194
1214620,0.03000,118.0625,163,84,0.63614
1214630,-0.01500,117.3125,163,84,0.65226
1214640,-0.06000,116.4375,163,84,0.66545
1214650,-0.11000,115.5000,163,84,0.67912
1214660,-0.14000,113.4375,163,84,0.70403
1214670,-0.15500,112.3750,163,84,0.71477
1214680,-0.16000,111.3125,163,84,0.72430
1214690,-0.17000,109.3125,163,84,0.73260
1214700,-0.17000,108.3750,163,84,0.74554
1214710,-0.17000,107.4375,163,84,0.74994
1214720,-0.17000,106.5625,163,84,0.75311
1214730,-0.16500,105.6875,163,84,0.75482
1214740,-0.16000,103.8750,163,84,0.75140
1214750,0.00500,102.9375,163,84,0.74750
1214760,0.47500,102.0000,163,84,0.74139
1214770,1.01000,101.0625,163,84,0.73284
1214780,0.90500,99.1250,163,84,0.70672
1214790,0.17500,98.1875,163,84,0.68913
1214800,-0.35000,97.2500,163,84,0.66911
1214810,-0.45000,96.4375,163,84,0.64737
1214820,-0.34500,94.7500,163,84,0.60244
1214830,-0.25500,93.8750,163,84,0.58315
1214840,-0.23500,93.0625,163,84,0.56630
1214850,-0.23000,92.2500,163,84,0.54945
1214860,-0.22000,90.7500,163,84,0.51917
1214870,-0.21000,90.0625,163,84,0.50623
1214880,-0.20000,89.5625,163,84,0.49426
1214890,-0.19500,89.1250,163,84,0.48327
1214900,-0.19000,88.7500,163,84,0.46252
1214910,-0.18000,89.0000,163,84,0.45250
1214920,-0.17000,89.8750,163,84,0.44274
1214930,-0.15500,92.0625,163,84,0.43321
1214940,-0.12500,102.3750,163,84,0.41807
1214950,-0.09500,110.4375,163,84,0.41001
1214960,-0.06000,119.7500,163,84,0.40171
1214970,-0.02000,129.5000,163,84,0.39365
1214980,0.02500,147.6250,163,84,0.37802
1214990,0.07500,155.0625,163,84,0.37045
1215000,0.12000,161.0000,164,85,0.36313
1215010,0.15500,165.5625,164,85,0.35580
1215020,0.19000,170.9375,164,85,0.34139
1215030,0.21500,172.2500,164,85,0.33578
1215040,0.22500,172.9375,164,85,0.33089
1215050,0.23500,173.3125,164,85,0.32503
1215060,0.23000,173.5000,164,85,0.31282
1215070,0.21500,173.5625,164,85,0.30672
1215080,0.17500,173.6250,164,85,0.30061
1215090,0.11500,173.8125,164,85,0.29475
1215100,0.04500,174.4375,164,85,0.28303
1215110,-0.01500,174.8125,164,85,0.27741
1215120,-0.06500,175.1875,164,85,0.27204
1215130,-0.10000,175.3750,164,85,0.26691
1215140,-0.12000,175.2500,164,85,0.26081
1215150,-0.13500,174.6250,164,85,0.25714
1215160,-0.13500,173.6250,164,85,0.25299
1215170,-0.14500,172.0000,164,85,0.24933
1215180,-0.15500,166.6875,164,85,0.24713
1215190,-0.16000,162.7500,164,85,0.25128
1215200,-0.16000,157.9375,164,85,0.26081
1215210,-0.17000,152.3125,164,85,0.27668
1215220,-0.17000,139.9375,164,85,0.32821
1215230,-0.15500,134.1250,164,85,0.35726
1215240,-0.11500,129.3750,164,85,0.38730
1215250,-0.06500,125.8125,164,85,0.42222
1215260,-0.02000,121.6250,164,85,0.49451
1215270,0.02500,120.5000,164,85,0.52845
1215280,0.06500,119.8125,164,85,0.55971
1215290,0.07000,119.2500,164,85,0.58803
1215300,0.05000,118.1875,164,85,0.63565
1215310,0.01000,117.5625,164,85,0.65568
1215320,-0.04500,116.8125,164,85,0.67350
1215330,-0.08500,115.9375,164,85,0.68913
1215340,-0.12000,113.8125,164,85,0.70940
1215350,-0.13500,112.6875,164,85,0.71868
1215360,-0.15000,111.5625,164,85,0.72772
1215370,-0.16000,110.5000,164,85,0.73578
1215380,-0.16500,108.5000,164,85,0.74872
1215390,-0.17000,107.5000,164,85,0.75336
1215400,-0.17000,106.5625,164,85,0.75653
1215410,-0.17000,105.6250,164,85,0.75824
1215420,-0.17000,103.6875,164,85,0.75702
1215430,-0.03500,102.7500,164,85,0.75336
1215440,0.40000,101.8125,164,85,0.74750
1215450,0.98500,100.8125,164,85,0.73944
1215460,0.99500,98.9375,164,85,0.71502
1215470,0.29500,98.0625,164,85,0.69817
1215480,-0.30000,97.1875,164,85,0.67863
1215490,-0.45000,96.3750,164,85,0.65714
1215500,-0.35500,94.7500,164,85,0.61123
1215510,-0.25000,93.9375,164,85,0.58901
1215520,-0.23000,93.1250,164,85,0.56801
1215530,-0.22500,92.3750,164,85,0.54896
1215540,-0.21500,90.8750,164,85,0.52088
1215550,-0.21000,90.2500,164,85,0.50842
1215560,-0.21000,89.6875,164,85,0.49670
1215570,-0.20000,89.2500,164,85,0.48596
1215580,-0.19000,88.7500,164,85,0.46520
1215590,-0.18000,88.8750,164,85,0.45519
1215600,-0.16500,89.6875,164,85,0.44542
1215610,-0.15500,91.6250,164,85,0.43565
1215620,-0.13500,101.3750,164,85,0.41636
1215630,-0.10500,109.3125,164,85,0.40855
1215640,-0.07500,118.6250,164,85,0.40195
1215650,-0.03000,128.5000,164,85,0.39438
1215660,0.01500,146.9375,164,85,0.37875
1215670,0.06000,154.5000,164,85,0.37094
1215680,0.10000,160.6250,164,85,0.36337
1215690,0.14000,165.2500,164,85,0.35604
1215700,0.17000,170.7500,164,85,0.34164
1215710,0.18500,172.0625,164,85,0.33455
1215720,0.20000,172.7500,164,85,0.32747
1215730,0.21000,173.1250,164,85,0.32186
1215740,0.20500,173.4375,164,85,0.31160
1215750,0.18500,173.5625,164,85,0.30574
1215760,0.15500,173.6875,164,85,0.29988
1215770,0.10000,173.8750,164,85,0.29402
1215780,0.03000,174.5625,164,85,0.28254
1215790,-0.03500,174.9375,164,85,0.27692
1215800,-0.08500,175.2500,164,85,0.27155
1215810,-0.12000,175.5000,164,85,0.26642
1215820,-0.14000,175.3125,164,85,0.25690
1215830,-0.15000,174.6875,164,85,0.25372
1215840,-0.15500,173.7500,164,85,0.25153
1215850,-0.16000,172.1875,164,85,0.24860
1215860,-0.16000,167.0000,164,85,0.24640
1215870,-0.17000,163.1250,164,85,0.24982
1215880,-0.18000,158.4375,164,85,0.25836
1215890,-0.19000,152.8750,164,85,0.27302
1215900,-0.19000,140.5000,164,85,0.32259
1215910,-0.18000,134.7500,164,85,0.35604
1215920,-0.14500,129.9375,164,85,0.39316
1215930,-0.10500,126.2500,164,85,0.42711
1215940,-0.06500,122.0000,164,85,0.49304
1215950,-0.02500,120.9375,164,85,0.52723
1215960,0.02000,120.1875,164,85,0.55946
1215970,0.02500,119.6250,164,85,0.58877
1215980,0.00500,118.5625,164,85,0.63419
1215990,-0.03500,118.0000,164,85,0.65348
1216000,-0.07500,117.2500,166,86,0.67082
1216010,-0.13000,116.4375,166,86,0.68596
1216020,-0.16000,114.3750,166,86,0.71087
1216030,-0.18000,113.2500,166,86,0.71893
1216040,-0.18500,112.1875,166,86,0.72479
1216050,-0.18500,111.0625,166,86,0.73089
1216060,-0.18000,108.9375,166,86,0.74164
1216070,-0.18000,107.9375,166,86,0.74579
1216080,-0.17000,107.0000,166,86,0.74872
1216090,-0.16500,106.1250,166,86,0.75018
1216100,-0.16500,104.1875,166,86,0.74847
1216110,-0.00500,103.1875,166,86,0.74505
1216120,0.45500,102.1875,166,86,0.73919
1216130,1.01000,101.1875,166,86,0.73138
1216140,0.95500,99.2500,166,86,0.70842
1216150,0.22500,98.3125,166,86,0.69280
1216160,-0.33500,97.4375,166,86,0.67424
1216170,-0.45500,96.6250,166,86,0.65348
1216180,-0.35000,95.0000,166,86,0.60879
1216190,-0.26000,94.1250,166,86,0.58657
1216200,-0.24000,93.3125,166,86,0.56557
1216210,-0.23500,92.5625,166,86,0.54652
1216220,-0.22000,91.0625,166,86,0.51404
1216230,-0.21500,90.4375,166,86,0.50183
1216240,-0.21000,89.8750,166,86,0.49158
1216250,-0.20000,89.4375,166,86,0.48156
1216260,-0.19000,89.0000,166,86,0.46227
1216270,-0.18000,89.1875,166,86,0.45299
1216280,-0.17000,90.0625,166,86,0.44396
1216290,-0.16000,92.2500,166,86,0.43516
1216300,-0.13500,102.8125,166,86,0.41734
1216310,-0.11000,111.1250,166,86,0.40855
1216320,-0.07500,120.6875,166,86,0.40000
1216330,-0.03500,130.5625,166,86,0.39292
1216340,0.01000,148.8125,166,86,0.37998
1216350,0.06000,156.0625,166,86,0.37289
1216360,0.11000,161.7500,166,86,0.36557
1216370,0.15000,166.0000,166,86,0.35824
1216380,0.19000,170.7500,166,86,0.34408
1216390,0.21000,171.8750,166,86,0.33700
1216400,0.22500,172.5000,166,86,0.33016
1216410,0.22500,172.8750,166,86,0.32357
1216420,0.22500,173.1875,166,86,0.31111
1216430,0.20500,173.3750,166,86,0.30647
1216440,0.16500,173.5625,166,86,0.30256
1216450,0.10000,173.8750,166,86,0.29768
1216460,0.04000,174.6250,166,86,0.28718
1216470,-0.02500,175.0625,166,86,0.28181
1216480,-0.07000,175.3750,166,86,0.27668
1216490,-0.10500,175.5625,166,86,0.27179
1216500,-0.12500,175.3125,166,86,0.26227
1216510,-0.13500,174.6250,166,86,0.25788
1216520,-0.14000,173.5625,166,86,0.25372
1216530,-0.14500,169.4375,166,86,0.25128
1216540,-0.15000,166.1875,166,86,0.25153
1216550,-0.15500,162.0625,166,86,0.25543
1216560,-0.15500,157.0625,166,86,0.26422
1216570,-0.16000,151.3125,166,86,0.27888
1216580,-0.16500,138.8125,166,86,0.32772
1216590,-0.16000,133.2500,166,86,0.36044
1216600,-0.12500,128.7500,166,86,0.39658
1216610,-0.08500,125.3750,166,86,0.43419
1216620,-0.04500,121.3750,166,86,0.50745
1216630,0.00000,120.3750,166,86,0.53675
1216640,0.03500,119.6875,166,86,0.56166
1216650,0.03000,119.1250,166,86,0.58681
1216660,0.01000,118.0625,166,86,0.63223
1216670,-0.02500,117.4375,166,86,0.65153
1216680,-0.06500,116.6875,166,86,0.66838
1216690,-0.10500,115.8125,166,86,0.68303
1216700,-0.13500,113.8125,166,86,0.70647
1216710,-0.15500,112.7500,166,86,0.71575
1216720,-0.16000,111.6875,166,86,0.72357
1216730,-0.17000,110.5625,166,86,0.72845
1216740,-0.17000,108.5000,166,86,0.73480
1216750,-0.17000,107.5625,166,86,0.73773
1216760,-0.17000,106.6250,166,86,0.73993
1216770,-0.17500,105.6250,166,86,0.74090
1216780,-0.16000,103.7500,166,86,0.73846
1216790,0.06000,102.7500,166,86,0.73431
1216800,0.62000,101.7500,166,86,0.72796
1216810,1.09500,100.8125,166,86,0.71893
1216820,0.82500,98.9375,166,86,0.69206
1216830,0.05000,98.0000,166,86,0.67643
1216840,-0.41000,97.0625,166,86,0.65958
1216850,-0.43500,96.2500,166,86,0.63932
1216860,-0.31000,94.6250,166,86,0.59487
1216870,-0.24000,93.8125,166,86,0.57265
1216880,-0.23500,93.0625,166,86,0.55189
1216890,-0.23000,92.3125,166,86,0.53284
1216900,-0.21500,90.8750,166,86,0.50085
1216910,-0.21000,90.2500,166,86,0.48767
1216920,-0.20000,89.6875,166,86,0.47595
1216930,-0.19000,89.1875,166,86,0.46642
1216940,-0.18000,88.8750,166,86,0.44957
1216950,-0.17500,89.2500,166,86,0.44078
1216960,-0.16000,90.6250,166,86,0.43199
1216970,-0.15000,93.6250,166,86,0.42320
1216980,-0.12500,106.1875,166,86,0.40562
1216990,-0.10500,115.2500,166,86,0.39707
1217000,-0.07000,125.1875,168,86,0.38877
1217010,-0.02500,135.2500,168,86,0.38071
1217020,0.02000,152.9375,168,86,0.36532
1217030,0.07000,159.6250,168,86,0.35946
1217040,0.12000,164.7500,168,86,0.35433
1217050,0.15500,168.3125,168,86,0.34823
1217060,0.18000,172.1250,168,86,0.33529
1217070,0.20000,172.8125,168,86,0.32869
1217080,0.21500,173.1875,168,86,0.32210
1217090,0.21500,173.3125,168,86,0.31551
1217100,0.20500,173.5000,168,86,0.30305
1217110,0.18000,173.6250,168,86,0.29719
1217120,0.13500,173.8750,168,86,0.29133
1217130,0.06500,174.1875,168,86,0.28718
1217140,0.00000,175.0625,168,86,0.27985
1217150,-0.06500,175.4375,168,86,0.27521
1217160,-0.11000,175.7500,168,86,0.27057
1217170,-0.14500,175.8125,168,86,0.26593
1217180,-0.16000,175.1875,168,86,0.25665
1217190,-0.16500,174.3125,168,86,0.25226
1217200,-0.17000,172.8750,168,86,0.24811
1217210,-0.17500,170.7500,168,86,0.24493
1217220,-0.18500,164.0625,168,86,0.24591
1217230,-0.19500,159.4375,168,86,0.25177
1217240,-0.19500,153.9375,168,86,0.26203
1217250,-0.19500,147.8125,168,86,0.27863
1217260,-0.19000,135.5625,168,86,0.33138
1217270,-0.17500,130.6250,168,86,0.36606
1217280,-0.13500,126.8750,168,86,0.40366
1217290,-0.09000,124.1875,168,86,0.44249
1217300,-0.05000,121.3125,168,86,0.51624
1217310,-0.00500,120.5521,168,86,0.53997
1217320,0.03000,120.5625,168,86,0.54896
1217330,0.04000,120.0000,168,86,0.57851
1217340,0.02000,119.0000,168,86,0.62027
1217350,-0.01500,118.4375,168,86,0.63883
1217360,-0.06500,117.6875,168,86,0.65592
1217370,-0.11500,116.8125,168,86,0.67131
1217380,-0.15500,114.7500,168,86,0.69646
1217390,-0.17000,113.6250,168,86,0.70647
1217400,-0.17000,112.5000,168,86,0.71477
1217410,-0.17000,111.3750,168,86,0.72186
1217420,-0.17000,109.1875,168,86,0.73260
1217430,-0.17000,108.1875,168,86,0.73626
1217440,-0.16500,107.2500,168,86,0.73773
1217450,-0.16000,106.3125,168,86,0.73748
1217460,-0.16000,104.4375,168,86,0.73553
1217470,0.01000,103.5625,168,86,0.73260
1217480,0.53500,102.6875,168,86,0.72772
1217490,1.10000,101.7500,168,86,0.72039
1217500,0.91000,99.9375,168,86,0.69670
1217510,0.13500,99.0625,168,86,0.68059
1217520,-0.37000,98.1875,168,86,0.66154
1217530,-0.44000,97.3125,168,86,0.64029
1217540,-0.31500,95.6250,168,86,0.60098
1217550,-0.22500,94.7500,168,86,0.58022
1217560,-0.22000,93.8750,168,86,0.55971
1217570,-0.21000,93.0625,168,86,0.54066
1217580,-0.20500,91.3750,168,86,0.50769
1217590,-0.20000,90.6250,168,86,0.49402
1217600,-0.20000,90.0000,168,86,0.48205
1217610,-0.19000,89.4375,168,86,0.47106
1217620,-0.19000,88.6250,168,86,0.45128
1217630,-0.18000,88.5625,168,86,0.44322
1217640,-0.16000,89.0000,168,86,0.43590
1217650,-0.13500,90.4375,168,86,0.42784
1217660,-0.11500,98.6250,168,86,0.41074
1217670,-0.08500,106.0000,168,86,0.40220
1217680,-0.05500,115.0000,168,86,0.39365
1217690,-0.01500,124.8750,168,86,0.38535
1217700,0.03000,144.2500,168,86,0.36947
1217710,0.07500,152.4375,168,86,0.36190
1217720,0.12000,159.0625,168,86,0.35458
1217730,0.16500,164.1875,168,86,0.34750
1217740,0.20000,170.1875,168,86,0.33748
1217750,0.22500,171.6875,168,86,0.33211
1217760,0.24500,172.5625,168,86,0.32625
1217770,0.25500,172.9375,168,86,0.32015
1217780,0.25500,173.2500,168,86,0.30794
1217790,0.24500,173.3125,168,86,0.30208
1217800,0.20500,173.5000,168,86,0.29646
1217810,0.14500,173.6875,168,86,0.29084
1217820,0.07000,174.4375,168,86,0.27961
1217830,0.01000,174.8125,168,86,0.27570
1217840,-0.04000,175.1250,168,86,0.27253
1217850,-0.07000,175.3750,168,86,0.26862
1217860,-0.09000,175.3125,168,86,0.25958
1217870,-0.10000,174.8125,168,86,0.25495
1217880,-0.11000,173.8125,168,86,0.25006
1217890,-0.11500,172.2500,168,86,0.24567
1217900,-0.12500,167.0000,168,86,0.24103
1217910,-0.13000,163.0000,168,86,0.24274
1217920,-0.13000,158.1250,168,86,0.24933
1217930,-0.13000,152.3750,168,86,0.26178
1217940,-0.12000,139.6875,168,86,0.29841
1217950,-0.09000,133.8750,168,86,0.32625
1217960,-0.05000,129.1875,168,86,0.35971
1217970,-0.01000,125.6250,168,86,0.39683
1217980,0.02500,121.6250,168,86,0.47350
1217990,0.07000,120.6250,168,86,0.50965
1218000,0.08000,119.9375,169,87,0.54310
1218010,0.06500,119.4375,169,87,0.57338
1218020,0.03000,118.5000,169,87,0.62393
1218030,-0.01500,117.9375,169,87,0.64176
1218040,-0.06000,117.1875,169,87,0.65592
1218050,-0.09500,116.3750,169,87,0.66984
1218060,-0.11500,114.3750,169,87,0.69402
1218070,-0.12000,113.3125,169,87,0.70379
1218080,-0.12500,112.2500,169,87,0.71233
1218090,-0.12500,111.1875,169,87,0.71941
1218100,-0.12500,109.1250,169,87,0.73016
1218110,-0.12500,108.1250,169,87,0.73382
1218120,-0.12000,107.1250,169,87,0.73651
1218130,-0.12500,106.1250,169,87,0.73773
1218140,-0.00500,104.1250,169,87,0.73455
1218150,0.41500,103.1250,169,87,0.73114
1218160,1.02000,102.1250,169,87,0.72601
1218170,1.06500,101.1875,169,87,0.71844
1218180,0.35000,99.3125,169,87,0.69499
1218190,-0.27500,98.3750,169,87,0.67888
1218200,-0.43500,97.4375,169,87,0.66007
1218210,-0.34000,96.6250,169,87,0.63907
1218220,-0.22500,95.0000,169,87,0.59487
1218230,-0.19000,94.1250,169,87,0.57534
1218240,-0.19000,93.3125,169,87,0.55800
1218250,-0.18000,92.5625,169,87,0.54042
1218260,-0.17500,91.0625,169,87,0.50916
1218270,-0.17000,90.3750,169,87,0.49597
1218280,-0.16500,89.8125,169,87,0.48425
1218290,-0.15500,89.3750,169,87,0.47375
1218300,-0.15000,89.0000,169,87,0.45470
1218310,-0.13500,89.3750,169,87,0.44567
1218320,-0.12000,90.6250,169,87,0.43687
1218330,-0.10000,93.5000,169,87,0.42833
1218340,-0.07500,105.7500,169,87,0.41490
1218350,-0.04500,114.7500,169,87,0.40757
1218360,-0.01000,124.6250,169,87,0.40000
1218370,0.03000,134.6250,169,87,0.39267
1218380,0.07500,152.1250,169,87,0.37802
1218390,0.12000,158.8750,169,87,0.37070
1218400,0.16500,164.0000,169,87,0.36361
1218410,0.19500,167.6250,169,87,0.35678
1218420,0.21500,171.5625,169,87,0.34359
1218430,0.23500,172.3750,169,87,0.33871
1218440,0.24000,172.7500,169,87,0.33455
1218450,0.24500,172.8125,169,87,0.32918
1218460,0.23500,172.8125,169,87,0.31795
1218470,0.23500,172.8125,169,87,0.31795
1218480,0.23500,172.8125,169,87,0.31795
1218490,0.06000,173.5625,169,87,0.29597
1218500,0.02000,173.8750,169,87,0.29084
1218510,-0.03500,174.1875,169,87,0.28571
1218520,-0.07500,174.3750,169,87,0.28083
1218530,-0.09500,174.4375,169,87,0.27619
1218540,-0.10500,173.5625,169,87,0.27057
1218550,-0.11500,172.5000,169,87,0.26740
1218560,-0.12500,170.8125,169,87,0.26374
1218570,-0.13500,168.3750,169,87,0.26056
1218580,-0.15000,160.8750,169,87,0.26007
1218590,-0.15500,155.7500,169,87,0.26545
1218600,-0.15500,149.8125,169,87,0.27619
1218610,-0.15000,143.5000,169,87,0.29353
1218620,-0.13500,131.6875,169,87,0.34701
1218630,-0.10500,127.3125,169,87,0.37656
1218640,-0.06000,124.2500,169,87,0.40659
1218650,-0.02500,122.2500,169,87,0.44103
1218660,0.01000,120.3750,169,87,0.51184
1218670,0.04000,120.0000,169,87,0.54481
1218680,0.04500,119.6875,169,87,0.57460
1218690,0.02500,119.3750,169,87,0.60122
1218700,-0.02000,118.3750,169,87,0.64518
1218710,-0.07500,117.6875,169,87,0.66276
1218720,-0.12500,116.8125,169,87,0.67790
1218730,-0.15000,115.7500,169,87,0.69084
1218740,-0.16000,113.3750,169,87,0.70647
1218750,-0.17000,112.1875,169,87,0.71331
1218760,-0.17000,111.0000,169,87,0.71941
1218770,-0.17500,108.8125,169,87,0.72479
1218780,-0.17500,107.8125,169,87,0.73260
1218790,-0.17500,106.8750,169,87,0.73504
1218800,-0.18000,105.9375,169,87,0.73602
1218810,-0.17000,104.1250,169,87,0.73407
1218820,0.00000,103.2500,169,87,0.73040
1218830,0.54000,102.3750,169,87,0.72479
1218840,1.09500,101.5000,169,87,0.71697
1218850,0.88000,100.5625,169,87,0.70647
1218860,0.04500,98.8125,169,87,0.67668
1218870,-0.47500,97.9375,169,87,0.65788
1218880,-0.50500,97.0625,169,87,0.63687
1218890,-0.36500,96.1875,169,87,0.61490
1218900,-0.28000,94.5625,169,87,0.57143
1218910,-0.26500,93.7500,169,87,0.55165
1218920,-0.25500,92.8750,169,87,0.53407
1218930,-0.24000,92.0625,169,87,0.51844
1218940,-0.22000,90.6250,169,87,0.49646
1218950,-0.21000,89.9375,169,87,0.48694
1218960,-0.20000,89.3750,169,87,0.47766
1218970,-0.19500,88.8750,169,87,0.46886
1218980,-0.18500,88.5625,169,87,0.45201
1218990,-0.17000,89.2500,169,87,0.44371
1219000,-0.16000,91.1875,170,88,0.43516
1219010,-0.13500,95.0625,170,88,0.42686
1219020,-0.11000,109.6875,170,88,0.41050
1219030,-0.08000,119.5000,170,88,0.40391
1219040,-0.04000,129.8750,170,88,0.39805
1219050,0.01000,139.9375,170,88,0.39145
1219060,0.05500,156.5625,170,88,0.37778
1219070,0.10000,162.5000,170,88,0.37094
1219080,0.14000,166.8750,170,88,0.36410
1219090,0.17000,169.7500,170,88,0.35751
1219100,0.19500,172.5000,170,88,0.34505
1219110,0.21500,172.9375,170,88,0.33919
1219120,0.22500,173.0625,170,88,0.33333
1219130,0.23500,173.0625,170,88,0.32747
1219140,0.22000,173.1875,170,88,0.31990
1219150,0.18500,173.4375,170,88,0.31551
1219160,0.12500,173.6875,170,88,0.31062
1219170,0.06000,174.1250,170,88,0.30549
1219180,-0.00500,174.9375,170,88,0.29548
1219190,-0.05500,175.3125,170,88,0.29060
1219200,-0.09500,175.5000,170,88,0.28571
1219210,-0.11000,175.5000,170,88,0.28107
1219220,-0.11500,174.3750,170,88,0.27155
1219230,-0.12000,173.0625,170,88,0.26838
1219240,-0.12500,171.0625,170,88,0.26642
1219250,-0.13000,168.2500,170,88,0.26422
1219260,-0.14500,160.0000,170,88,0.26569
1219270,-0.15000,154.5000,170,88,0.27253
1219280,-0.15500,148.3125,170,88,0.28547
1219290,-0.14500,141.8750,170,88,0.30501
1219300,-0.11500,130.7500,170,88,0.36313
1219310,-0.07500,126.8125,170,88,0.39927
1219320,-0.04500,124.0625,170,88,0.43736
1219330,-0.01000,122.2500,170,88,0.47570
1219340,0.02500,120.5000,170,88,0.53651
1219350,0.03500,120.0625,170,88,0.56557
1219360,0.02000,119.6875,170,88,0.59292
1219370,-0.02000,119.2500,170,88,0.61783
1219380,-0.07500,118.1250,170,88,0.65885
1219390,-0.12000,117.3750,170,88,0.67546
1219400,-0.14500,116.4375,170,88,0.68962
1219410,-0.15500,115.3750,170,88,0.70159
1219420,-0.15500,113.1875,170,88,0.72015
1219430,-0.15500,112.0000,170,88,0.72576
1219440,-0.15500,110.8750,170,88,0.72943
1219450,-0.15000,109.7500,170,88,0.73358
1219460,-0.14500,107.6875,170,88,0.74017
1219470,-0.14500,106.6875,170,88,0.74212
1219480,-0.13500,105.6875,170,88,0.74286
1219490,0.05000,104.6875,170,88,0.74212
1219500,0.58000,102.6875,170,88,0.73504
1219510,1.11500,101.6875,170,88,0.72821
1219520,0.87500,100.7500,170,88,0.71844
1219530,-0.03500,98.8750,170,88,0.69402
1219540,-0.38000,97.9375,170,88,0.67741
1219550,-0.42500,97.0625,170,88,0.65812
1219560,-0.28000,96.2500,170,88,0.63663
1219570,-0.18000,95.4375,170,88,0.61441
1219580,-0.16000,93.8125,170,88,0.57070
1219590,-0.15500,93.0000,170,88,0.55092
1219600,-0.14500,92.1875,170,88,0.53333
1219610,-0.14000,91.3750,170,88,0.51795
1219620,-0.13500,90.0625,170,88,0.49255
1219630,-0.12500,89.5000,170,88,0.48327
1219640,-0.12500,89.1250,170,88,0.47521
1219650,-0.11000,88.9375,170,88,0.46691
1219660,-0.10000,89.8750,170,88,0.45031
1219670,-0.08500,92.0000,170,88,0.44200
1219680,-0.06500,96.0000,170,88,0.43370
1219690,-0.04000,102.1875,170,88,0.42515
1219700,-0.00500,119.8125,170,88,0.40879
1219710,0.03000,129.8125,170,88,0.40073
1219720,0.07000,139.5000,170,88,0.39292
1219730,0.11500,148.2500,170,88,0.38681
1219740,0.15500,161.3125,170,88,0.37509
1219750,0.19000,165.5000,170,88,0.36825
1219760,0.21500,168.3125,170,88,0.36142
1219770,0.23500,170.0625,170,88,0.35482
1219780,0.24500,171.3750,170,88,0.34164
1219790,0.25500,171.5000,170,88,0.33529
1219800,0.25500,171.5000,170,88,0.32894
1219810,0.24000,171.5000,170,88,0.32283
1219820,0.20500,171.5625,170,88,0.31087
1219830,0.14500,171.7500,170,88,0.30672
1219840,0.07000,172.0000,170,88,0.30330
1219850,0.01000,172.3125,170,88,0.29890
1219860,-0.03500,172.7500,170,88,0.28938
1219870,-0.06500,172.8125,170,88,0.28474
1219880,-0.08500,172.6250,170,88,0.28010
1219890,-0.10000,172.0625,170,88,0.27546
1219900,-0.11500,169.3750,170,88,0.26691
1219910,-0.13500,166.9375,170,88,0.26325
1219920,-0.14500,163.6250,170,88,0.26105
1219930,-0.16000,159.3750,170,88,0.26129
1219940,-0.16500,148.1875,170,88,0.27155
1219950,-0.16500,141.6875,170,88,0.28400
1219960,-0.15500,135.3750,170,88,0.30281
1219970,-0.13000,125.5000,170,88,0.32796
1219980,-0.09500,122.5000,170,88,0.39414
1219990,-0.06000,120.6875,170,88,0.43175
1220000,-0.02500,119.7500,171,88,0.46960
1220010,0.01000,119.3125,171,88,0.50623
1220020,0.02500,119.0625,171,88,0.57167
1220030,0.01000,118.8750,171,88,0.59609
1220040,-0.03500,118.5625,171,88,0.61587
1220050,-0.09000,118.0625,171,88,0.63541
1220060,-0.14500,116.5000,171,88,0.66935
1220070,-0.17500,115.4375,171,88,0.68278
1220080,-0.19500,114.2500,171,88,0.69573
1220090,-0.20000,112.9375,171,88,0.70745
1220100,-0.20500,110.4375,171,88,0.72381
1220110,-0.20500,109.2500,171,88,0.72967
1220120,-0.20000,108.1250,171,88,0.73407
1220130,-0.19000,107.1250,171,88,0.73626
1220140,-0.19500,105.1875,171,88,0.73748
1220150,-0.21500,104.2500,171,88,0.73724
1220160,-0.10500,103.3750,171,88,0.73578
1220170,0.32500,102.5000,171,88,0.73260
1220180,0.96000,100.8750,171,88,0.71941
1220190,1.03000,100.0625,171,88,0.70842
1220200,0.28000,99.1875,171,88,0.69402
1220210,-0.37500,98.3125,171,88,0.67643
1220220,-0.52000,96.6875,171,88,0.63419
1220230,-0.39500,95.9375,171,88,0.61368
1220240,-0.28500,95.1250,171,88,0.59414
1220250,-0.25500,94.3750,171,88,0.57363
1220260,-0.25500,92.8750,171,88,0.53553
1220270,-0.24500,92.1250,171,88,0.51966
1220280,-0.23000,91.4375,171,88,0.50623
1220290,-0.22000,90.8125,171,88,0.49475
1220300,-0.21000,89.6875,171,88,0.47570
1220310,-0.20500,89.2500,171,88,0.46716
1220320,-0.20000,89.0000,171,88,0.45885
1220330,-0.19500,89.1250,171,88,0.45177
1220340,-0.19000,92.3125,171,88,0.43761
1220350,-0.17500,96.6250,171,88,0.42955
1220360,-0.16000,103.3125,171,88,0.42125
1220370,-0.13500,112.0000,171,88,0.41270
1220380,-0.10000,132.2500,171,88,0.39634
1220390,-0.05500,142.1250,171,88,0.38828
1220400,-0.00500,150.8750,171,88,0.38071
1220410,0.04000,158.0625,171,88,0.37314
1220420,0.09000,167.5000,171,88,0.35922
1220430,0.13000,170.0625,171,88,0.35385
1220440,0.15000,171.5000,171,88,0.34945
1220450,0.17000,172.2500,171,88,0.34432
1220460,0.18500,172.6875,171,88,0.33309
1220470,0.19000,172.6250,171,88,0.32747
1220480,0.18500,172.6250,171,88,0.32186
1220490,0.16000,172.6250,171,88,0.31624
1220500,0.11000,172.8125,171,88,0.30574
1220510,0.05000,173.0625,171,88,0.30061
1220520,-0.00500,173.3750,171,88,0.29573
1220530,-0.05500,173.6250,171,88,0.29231
1220540,-0.08500,173.8750,171,88,0.28620
1220550,-0.10500,173.6875,171,88,0.28230
1220560,-0.11500,173.1250,171,88,0.27839
1220570,-0.11500,172.0625,171,88,0.27424
1220580,-0.12500,168.0625,171,88,0.26618
1220590,-0.13000,164.8125,171,88,0.26374
1220600,-0.14000,160.6875,171,88,0.26349
1220610,-0.15000,155.5625,171,88,0.26716
1220620,-0.15500,143.3750,171,88,0.29231
1220630,-0.14500,137.1250,171,88,0.31136
1220640,-0.11000,131.6250,171,88,0.33431
1220650,-0.06500,127.2500,171,88,0.36508
1220660,-0.02500,122.0000,171,88,0.44029
1220670,0.00500,120.7500,171,88,0.47985
1220680,0.04000,120.0625,171,88,0.51844
1220690,0.06000,119.6875,171,88,0.55433
1220700,0.05500,119.0625,171,88,0.61587
1220710,0.02000,118.6250,171,88,0.64103
1220720,-0.03500,118.0625,171,88,0.66276
1220730,-0.09500,117.3125,171,88,0.67863
1220740,-0.14000,115.4375,171,88,0.70256
1220750,-0.15500,114.3125,171,88,0.71331
1220760,-0.16500,113.1250,171,88,0.72259
1220770,-0.17000,111.8750,171,88,0.73065
1220780,-0.17500,109.4375,171,88,0.74261
1220790,-0.17000,108.3125,171,88,0.74701
1220800,-0.16500,107.1875,171,88,0.75018
1220810,-0.15500,106.1875,171,88,0.75214
1220820,-0.16000,104.2500,171,88,0.75238
1220830,-0.11500,103.3125,171,88,0.74994
1220840,0.21500,102.4375,171,88,0.74554
1220850,0.85000,101.5625,171,88,0.73968
1220860,1.08500,99.8125,171,88,0.72112
1220870,0.51500,98.8750,171,88,0.70720
1220880,-0.21000,98.0000,171,88,0.69035
1220890,-0.48500,97.0625,171,88,0.67082
1220900,-0.40000,95.2500,171,88,0.62589
1220910,-0.25500,94.4375,171,88,0.60269
1220920,-0.21000,93.6250,171,88,0.58022
1220930,-0.20000,92.8125,171,88,0.56142
1220940,-0.18500,91.2500,171,88,0.52967
1220950,-0.17000,90.5000,171,88,0.51526
1220960,-0.17000,89.8125,171,88,0.50232
1220970,-0.16000,89.1250,171,88,0.49109
1220980,-0.15500,88.1250,171,88,0.47131
1220990,-0.14500,87.8750,171,88,0.46227
1221000,-0.13500,87.8125,172,88,0.45348
1221010,-0.11500,88.4375,172,88,0.44493
1221020,-0.09500,93.6875,172,88,0.42759
1221030,-0.07000,99.5000,172,88,0.42027
1221040,-0.03500,107.5000,172,88,0.41343
1221050,-0.01000,117.0625,172,88,0.40586
1221060,0.02500,137.1875,172,88,0.38999
1221070,0.06500,146.2500,172,88,0.38217
1221080,0.11000,153.8750,172,88,0.37436
1221090,0.15000,159.8750,172,88,0.36679
1221100,0.18500,167.1875,172,88,0.35263
1221110,0.21000,169.0000,172,88,0.34579
1221120,0.22500,169.9375,172,88,0.33895
1221130,0.23500,170.3750,172,88,0.33382
1221140,0.24500,170.4375,172,88,0.32405
1221150,0.24000,170.3750,172,88,0.31819
1221160,0.22000,170.3750,172,88,0.31233
1221170,0.18000,170.4375,172,88,0.30647
1221180,0.12000,170.8750,172,88,0.29548
1221190,0.06000,171.1250,172,88,0.29011
1221200,0.00000,171.4375,172,88,0.28498
1221210,-0.03500,171.6250,172,88,0.28010
1221220,-0.06500,171.5000,172,88,0.27204
1221230,-0.08500,170.9375,172,88,0.26960
1221240,-0.10000,169.8750,172,88,0.26593
1221250,-0.11500,168.1875,172,88,0.26178
1221260,-0.12500,162.4375,172,88,0.25446
1221270,-0.13500,158.1250,172,88,0.25299
1221280,-0.14500,152.8750,172,88,0.25470
1221290,-0.14500,146.8750,172,88,0.26105
1221300,-0.13500,134.3125,172,88,0.29280
1221310,-0.10500,129.0000,172,88,0.31917
1221320,-0.06500,124.9375,172,88,0.35165
1221330,-0.02500,122.0625,172,88,0.38339
1221340,0.01000,119.2500,172,88,0.45250
1221350,0.05000,118.6875,172,88,0.49060
1221360,0.06000,118.4375,172,88,0.52772
1221370,0.05000,118.2500,172,88,0.56215
1221380,0.00500,117.6875,172,88,0.62051
1221390,-0.05000,117.1875,172,88,0.64420
1221400,-0.10500,116.5000,172,88,0.66447
1221410,-0.14000,115.6250,172,88,0.68156
1221420,-0.16000,113.4375,172,88,0.70574
1221430,-0.17000,112.2500,172,88,0.71282
1221440,-0.18000,111.0625,172,88,0.71990
1221450,-0.18000,109.8750,172,88,0.72650
1221460,-0.17500,107.6875,172,88,0.73675
1221470,-0.17000,106.6250,172,88,0.74042
1221480,-0.17000,105.6250,172,88,0.74310
1221490,-0.18500,104.6875,172,88,0.74457
1221500,-0.12000,102.8750,172,88,0.74286
1221510,0.24500,102.0000,172,88,0.73919
1221520,0.89500,101.0625,172,88,0.73309
1221530,1.08500,100.1875,172,88,0.72503
1221540,0.42000,98.3750,172,88,0.70134
1221550,-0.29000,97.5625,172,88,0.68474
1221560,-0.52000,96.6875,172,88,0.66520
1221570,-0.42500,95.1250,172,88,0.64371
1221580,-0.29000,94.3125,172,88,0.59780
1221590,-0.24000,93.5625,172,88,0.57558
1221600,-0.23500,92.8125,172,88,0.55482
1221610,-0.22000,91.3750,172,88,0.52015
1221620,-0.21000,90.6875,172,88,0.50745
1221630,-0.20000,90.0000,172,88,0.49695
1221640,-0.19000,89.4375,172,88,0.48718
1221650,-0.18500,88.9375,172,88,0.47814
1221660,-0.18000,88.3750,172,88,0.46129
1221670,-0.17500,88.5625,172,88,0.45299
1221680,-0.16500,89.6875,172,88,0.44493
1221690,-0.15000,92.1875,172,88,0.43663
1221700,-0.12500,103.8750,172,88,0.42002
1221710,-0.10000,112.8125,172,88,0.41172
1221720,-0.07000,122.9375,172,88,0.40366
1221730,-0.03500,133.2500,172,88,0.39683
1221740,0.00000,151.3125,172,88,0.38413
1221750,0.04500,158.1875,172,88,0.37705
1221760,0.08000,163.3750,172,88,0.36996
1221770,0.11000,166.9375,172,88,0.36313
1221780,0.13000,170.5625,172,88,0.34969
1221790,0.14500,171.1250,172,88,0.34310
1221800,0.15000,171.3125,172,88,0.33700
1221810,0.14500,171.3125,172,88,0.33089
1221820,0.14000,171.2500,172,88,0.32063
1221830,0.12000,171.3125,172,88,0.31697
1221840,0.07000,171.4375,172,88,0.31233
1221850,0.00000,171.6250,172,88,0.30745
1221860,-0.06500,172.1250,172,88,0.29768
1221870,-0.11000,172.3125,172,88,0.29304
1221880,-0.14500,172.3125,172,88,0.28840
1221890,-0.16000,172.0625,172,88,0.28400
1221900,-0.17500,170.5625,172,88,0.27570
1221910,-0.19000,169.1250,172,88,0.27155
1221920,-0.20000,166.9375,172,88,0.26740
1221930,-0.20000,163.9375,172,88,0.26496
1221940,-0.20500,155.1875,172,88,0.26422
1221950,-0.21000,149.5000,172,88,0.26764
1221960,-0.21000,143.3125,172,88,0.27595
1221970,-0.19500,137.0625,172,88,0.29060
1221980,-0.16000,127.0625,172,88,0.34090
1221990,-0.11500,123.8750,172,88,0.37534
1222000,-0.07000,121.7500,172,89,0.41368
1222010,-0.03500,120.4375,172,89,0.45421
1222020,0.02000,119.2500,172,89,0.52869
1222030,0.04000,119.0000,172,89,0.55824
1222040,0.05000,118.6250,172,89,0.58852
1222050,0.01500,118.1875,172,89,0.61685
1222060,-0.03500,116.8750,172,89,0.66422
1222070,-0.09500,116.0625,172,89,0.68303
1222080,-0.14000,115.0000,172,89,0.69866
1222090,-0.16000,113.8750,172,89,0.71184
1222100,-0.17500,111.4375,172,89,0.73138
1222110,-0.18000,110.2500,172,89,0.73871
1222120,-0.18500,109.0625,172,89,0.74457
1222130,-0.18500,107.8750,172,89,0.74652
1222140,-0.18000,105.7500,172,89,0.74701
1222150,-0.18000,104.8125,172,89,0.74774
1222160,-0.18000,103.8125,172,89,0.74774
1222170,-0.17000,102.9375,172,89,0.74652
1222180,0.06000,101.1250,172,89,0.73871
1222190,0.66000,100.3125,172,89,0.73138
1222200,1.10500,99.4375,172,89,0.72112
1222210,0.69000,98.5625,172,89,0.70769
1222220,-0.11000,96.8125,172,89,0.67424
1222230,-0.48000,95.9375,172,89,0.65641
1222240,-0.45000,95.0625,172,89,0.63565
1222250,-0.29500,94.2500,172,89,0.61343
1222260,-0.21500,92.6875,172,89,0.56996
1222270,-0.20000,91.9375,172,89,0.55043
1222280,-0.18500,91.1875,172,89,0.53309
1222290,-0.17500,90.5000,172,89,0.51795
1222300,-0.16000,89.0625,172,89,0.49377
1222310,-0.15500,88.4375,172,89,0.48352
1222320,-0.15000,87.9375,172,89,0.47424
1222330,-0.14500,87.5000,172,89,0.46642
1222340,-0.13500,87.5000,172,89,0.45153
1222350,-0.11500,88.5625,172,89,0.44322
1222360,-0.09500,91.1250,172,89,0.43468
1222370,-0.07000,95.7500,172,89,0.42589
1222380,-0.04500,111.7500,172,89,0.40855
1222390,-0.01500,121.8750,172,89,0.40000
1222400,0.02000,132.1875,172,89,0.39170
1222410,0.06500,141.8125,172,89,0.38364
1222420,0.11000,157.0000,172,89,0.36947
1222430,0.14500,162.1250,172,89,0.36410
1222440,0.18500,165.6250,172,89,0.35800
1222450,0.20500,167.8125,172,89,0.35140
1222460,0.23000,169.6250,172,89,0.33846
1222470,0.24000,169.8125,172,89,0.33211
1222480,0.24500,169.8750,172,89,0.32601
1222490,0.23500,169.8125,172,89,0.32015
1222500,0.22500,169.9375,172,89,0.30842
1222510,0.19000,170.1250,172,89,0.30281
1222520,0.14000,170.3750,172,89,0.29744
1222530,0.07500,170.6875,172,89,0.29377
1222540,0.02000,171.2500,172,89,0.28694
1222550,-0.02000,171.4375,172,89,0.28254
1222560,-0.05000,171.3125,172,89,0.27790
1222570,-0.06500,170.8750,172,89,0.27326
1222580,-0.08000,168.6250,172,89,0.26447
1222590,-0.09000,166.5000,172,89,0.26007
1222600,-0.10000,163.5625,172,89,0.25641
1222610,-0.11000,159.7500,172,89,0.25421
1222620,-0.11500,149.3750,172,89,0.25788
1222630,-0.12000,143.2500,172,89,0.26545
1222640,-0.10500,137.1875,172,89,0.27888
1222650,-0.07500,131.6875,172,89,0.29915
1222660,-0.02500,123.9375,172,89,0.36020
1222670,0.00500,121.6875,172,89,0.39829
1222680,0.04000,120.2500,172,89,0.43883
1222690,0.07500,119.3750,172,89,0.47961
1222700,0.10000,118.5625,172,89,0.55531
1222710,0.09000,118.2500,172,89,0.58803
1222720,0.05500,117.8125,172,89,0.61685
1222730,0.00000,117.2500,172,89,0.63883
1222740,-0.05000,115.6250,172,89,0.67253
1222750,-0.09500,114.6250,172,89,0.68742
1222760,-0.11500,113.5000,172,89,0.70037
1222770,-0.13000,112.3125,172,89,0.71111
1222780,-0.13500,109.8750,172,89,0.72772
1222790,-0.13500,108.7500,172,89,0.73382
1222800,-0.12500,107.6250,172,89,0.73871
1222810,-0.12500,106.5625,172,89,0.74237
1222820,-0.11500,104.5625,172,89,0.74554
1222830,-0.13500,103.5625,172,89,0.74432
1222840,-0.09500,102.6250,172,89,0.74286
1222850,0.23500,101.6875,172,89,0.74042
1222860,0.88000,99.8750,172,89,0.72967
1222870,1.11500,99.0000,172,89,0.72015
1222880,0.51500,98.1250,172,89,0.70769
1222890,-0.20500,97.1875,172,89,0.69206
1222900,-0.47000,95.4375,172,89,0.65275
1222910,-0.38500,94.6250,172,89,0.63053
1222920,-0.23500,93.8125,172,89,0.60806
1222930,-0.18000,93.0000,172,89,0.58803
1222940,-0.17000,91.5000,172,89,0.55214
1222950,-0.16000,90.7500,172,89,0.53504
1222960,-0.15000,90.0625,172,89,0.51990
1222970,-0.14500,89.3750,172,89,0.50647
1222980,-0.14000,88.2500,172,89,0.48376
1222990,-0.13500,87.8125,172,89,0.47399
1223000,-0.12500,87.5000,173,89,0.46496
1223010,-0.11500,87.4375,173,89,0.45617
1223020,-0.10500,89.6875,173,89,0.44005
1223030,-0.09500,93.2500,173,89,0.43321
1223040,-0.07500,99.1250,173,89,0.42540
1223050,-0.05000,107.2500,173,89,0.41734
1223060,-0.01500,127.2500,173,89,0.40073
1223070,0.03000,137.3125,173,89,0.39243
1223080,0.06000,146.2500,173,89,0.38437
1223090,0.09500,153.7500,173,89,0.37656
1223100,0.12500,163.7500,173,89,0.36190
1223110,0.14500,166.4375,173,89,0.35482
1223120,0.16500,168.0625,173,89,0.34921
1223130,0.17500,168.8750,173,89,0.34457
1223140,0.18500,169.1875,173,89,0.33284
1223150,0.19000,169.1250,173,89,0.32674
1223160,0.18500,169.0000,173,89,0.32063
1223170,0.16500,168.9375,173,89,0.31453
1223180,0.12500,169.0625,173,89,0.30305
1223190,0.07000,169.2500,173,89,0.29768
1223200,0.01000,169.4375,173,89,0.29255
1223210,-0.04000,169.5625,173,89,0.28767
1223220,-0.08000,169.4375,173,89,0.27985
1223230,-0.10500,169.0625,173,89,0.27741
1223240,-0.12500,168.2500,173,89,0.27399
1223250,-0.14000,166.8750,173,89,0.27009
1223260,-0.15000,162.0625,173,89,0.26203
1223270,-0.16000,158.3750,173,89,0.25885
1223280,-0.16000,153.6875,173,89,0.25714
1223290,-0.16500,148.1250,173,89,0.25861
1223300,-0.16000,136.1250,173,89,0.27668
1223310,-0.14500,130.7500,173,89,0.29573
1223320,-0.11000,126.4375,173,89,0.31770
1223330,-0.06500,123.3125,173,89,0.34335
1223340,-0.03000,119.9375,173,89,0.41490
1223350,0.00000,119.1875,173,89,0.45519
1223360,0.04000,118.7500,173,89,0.49548
1223370,0.06000,118.5000,173,89,0.53382
1223380,0.05000,117.8125,173,89,0.60049
1223390,0.01000,117.2500,173,89,0.62784
1223400,-0.05000,116.5000,173,89,0.65128
1223410,-0.10500,115.5625,173,89,0.67106
1223420,-0.14500,113.4375,173,89,0.69915
1223430,-0.16000,112.2500,173,89,0.70745
1223440,-0.17000,110.9375,173,89,0.71551
1223450,-0.18000,109.6875,173,89,0.72283
1223460,-0.18000,107.3125,173,89,0.73382
1223470,-0.18000,106.2500,173,89,0.73748
1223480,-0.18000,105.1875,173,89,0.74017
1223490,-0.18000,104.1875,173,89,0.74188
1223500,-0.20500,102.2500,173,89,0.74164
1223510,-0.16000,101.3750,173,89,0.73919
1223520,0.16500,100.5000,173,89,0.73455
1223530,0.82500,99.6250,173,89,0.72796
1223540,1.12500,98.0625,173,89,0.70745
1223550,0.50500,97.1875,173,89,0.69255
1223560,-0.28000,96.3750,173,89,0.67497
1223570,-0.55000,95.5000,173,89,0.65495
1223580,-0.46000,93.9375,173,89,0.61123
1223590,-0.31000,93.1875,173,89,0.58950
1223600,-0.26000,92.3750,173,89,0.56899
1223610,-0.25000,91.6250,173,89,0.55043
1223620,-0.23000,90.0625,173,89,0.52063
1223630,-0.22000,89.3125,173,89,0.50965
1223640,-0.21500,88.6250,173,89,0.49915
1223650,-0.21000,88.0000,173,89,0.48938
1223660,-0.20000,86.9375,173,89,0.47131
1223670,-0.19000,86.6250,173,89,0.46276
1223680,-0.17500,86.7500,173,89,0.45421
1223690,-0.15500,87.7500,173,89,0.44567
